1,Vinte,6 Dahle Trail,Decatur,Georgia,30089
2,Talane,0179 Lien Pass,Garden Grove,California,92645
3,Jetwire,2076 Eastwood Circle,El Paso,Texas,88563
4,Livetube,7 Carberry Court,Chicago,Illinois,60614
5,Voonyx,87 Iowa Hill,Athens,Georgia,30605
6,Kimia,311 Erie Crossing,Huntington,West Virginia,25775
7,Muxo,1400 Lakewood Plaza,Indianapolis,Indiana,46266
8,Skajo,579 Helena Park,Roanoke,Virginia,24040
9,Twinder,18 Glendale Terrace,Fort Worth,Texas,76105
10,Ooba,061 Namekagon Junction,Seminole,Florida,34642
11,Realbuzz,8715 Warbler Lane,Valley Forge,Pennsylvania,19495
12,JumpXS,1 Burning Wood Point,Louisville,Kentucky,40287
13,Realpoint,141 Golf View Court,Pittsburgh,Pennsylvania,15205
14,Cogibox,23 Schlimgen Lane,Salt Lake City,Utah,84105
15,Blogspan,97 Mockingbird Parkway,Oklahoma City,Oklahoma,73124
16,Skimia,919 Grover Alley,Shawnee Mission,Kansas,66276
17,Skiba,4 Prentice Hill,Detroit,Michigan,48224
18,Linklinks,81 Crowley Terrace,West Palm Beach,Florida,33416
19,Devpoint,742 Blaine Park,Milwaukee,Wisconsin,53210
20,Voolith,91585 Texas Circle,Waterbury,Connecticut,6721
21,Voonyx,84975 Waywood Street,Lansing,Michigan,48901
22,Feedfish,6 Welch Terrace,Sacramento,California,94297
23,Cogibox,15 Erie Avenue,Philadelphia,Pennsylvania,19141
24,Cogilith,218 Corben Place,Richmond,Virginia,23208
25,Plajo,69713 Northfield Park,El Paso,Texas,79911
26,Babbleblab,1 Old Shore Plaza,Columbus,Ohio,43210
27,Livetube,10675 Brown Circle,San Francisco,California,94116
28,Kimia,4 Clarendon Avenue,Atlanta,Georgia,30336
29,Tekfly,8996 Anhalt Plaza,Racine,Wisconsin,53405
30,Dynabox,7663 Artisan Court,Syracuse,New York,13210
31,Miboo,96 Mcbride Crossing,Shawnee Mission,Kansas,66276
32,Centidel,66 Aberg Avenue,Amarillo,Texas,79105
33,Mydo,6643 Miller Point,Metairie,Louisiana,70005
34,Skipfire,426 Del Sol Trail,Omaha,Nebraska,68105
35,Rhynyx,612 Green Ridge Parkway,Sioux City,Iowa,51110
36,Meetz,17608 Manufacturers Crossing,Shawnee Mission,Kansas,66215
37,Jabbercube,316 Steensland Avenue,San Jose,California,95108
38,Feedbug,2 Stang Place,Fort Lauderdale,Florida,33325
39,Zoozzy,070 2nd Alley,Boulder,Colorado,80328
40,Realbuzz,4 2nd Place,Flint,Michigan,48555
41,Kwinu,15214 Coolidge Avenue,Lima,Ohio,45807
42,Jabberstorm,46 Drewry Center,Corpus Christi,Texas,78465
43,Jamia,570 Brentwood Avenue,Naples,Florida,33963
44,Zava,494 South Hill,Jamaica,New York,11480
45,Tambee,8 Fieldstone Road,Columbus,Georgia,31914
46,Dynazzy,3 Eliot Center,Corona,California,92878
47,Voomm,6340 Morrow Trail,Topeka,Kansas,66642
48,Gevee,471 International Center,Boca Raton,Florida,33487
49,Youspan,2436 Westridge Terrace,Rockford,Illinois,61110
50,Oozz,7 Farragut Parkway,Memphis,Tennessee,38109
51,Oyoyo,15242 Pawling Lane,Sacramento,California,95818
52,Agivu,0863 Weeping Birch Street,Hot Springs National Park,Arkansas,71914
53,Fiveclub,056 Norway Maple Junction,Raleigh,North Carolina,27635
54,Skipstorm,8 Daystar Place,Carson City,Nevada,89714
55,Riffwire,662 Fair Oaks Crossing,Louisville,Kentucky,40293
56,InnoZ,98 Lakewood Center,Miami Beach,Florida,33141
57,Omba,5 Colorado Way,Roanoke,Virginia,24024
58,Realbuzz,8 Hollow Ridge Alley,Louisville,Kentucky,40220
59,Zoomcast,19 Veith Avenue,Los Angeles,California,90060
60,Trudeo,47949 Bluejay Park,Topeka,Kansas,66667
61,Skipstorm,11348 Melody Way,Baltimore,Maryland,21229
62,Zooxo,438 Sage Avenue,Roanoke,Virginia,24020
63,Skyba,79 Dottie Alley,Tulsa,Oklahoma,74133
64,Ooba,916 Schurz Point,Salt Lake City,Utah,84152
65,Twitterworks,50461 Roxbury Place,Springfield,Illinois,62756
66,Twitterlist,534 Duke Place,Philadelphia,Pennsylvania,19178
67,Zazio,69 Miller Crossing,Young America,Minnesota,55551
68,Voomm,9906 Golf Plaza,Sparks,Nevada,89436
69,Divavu,44 Hanover Park,Clearwater,Florida,34620
70,Youopia,54 Bartillon Park,Northridge,California,91328
71,Yakitri,396 5th Pass,Texarkana,Texas,75507
72,Tagfeed,5 Thackeray Road,San Francisco,California,94137
73,Skajo,2 Bartelt Center,Reading,Pennsylvania,19610
74,Skyble,0 Barby Lane,Toledo,Ohio,43635
75,Quimm,46 Trailsway Place,Iowa City,Iowa,52245
76,LiveZ,3 Namekagon Hill,Sparks,Nevada,89436
77,Skynoodle,7244 Lakewood Gardens Park,Terre Haute,Indiana,47805
78,Zazio,5 Brown Circle,Bakersfield,California,93311
79,Yodoo,2320 Gina Pass,Irving,Texas,75037
80,Podcat,33 Sundown Park,Cincinnati,Ohio,45271
81,Aibox,4917 Fieldstone Plaza,Pittsburgh,Pennsylvania,15210
82,Bubblebox,4 Clove Center,Denton,Texas,76205
83,Ntag,12011 Namekagon Trail,Saint Paul,Minnesota,55188
84,Mudo,68772 Kinsman Point,Sarasota,Florida,34276
85,Gigazoom,66 Oak Terrace,Torrance,California,90505
86,Edgeclub,702 Sachtjen Drive,San Diego,California,92176
87,Rhyloo,65 Dennis Road,New Orleans,Louisiana,70174
88,Rooxo,301 Aberg Road,Beaumont,Texas,77705
89,Realpoint,52014 Onsgard Court,Little Rock,Arkansas,72209
90,Zooxo,47 Golf Terrace,Wichita,Kansas,67260
91,Midel,08 Melrose Parkway,Alexandria,Virginia,22333
92,Mynte,77607 Blaine Drive,Tuscaloosa,Alabama,35405
93,Jetwire,43 Brentwood Pass,Kansas City,Missouri,64187
94,Meejo,1747 Grover Court,Ocala,Florida,34479
95,Twinder,79 John Wall Street,Mobile,Alabama,36622
96,Meezzy,34 Portage Pass,Columbus,Ohio,43226
97,Realcube,20510 Luster Junction,Santa Fe,New Mexico,87505
98,Skilith,1223 Lighthouse Bay Street,Boston,Massachusetts,2114
99,Yakidoo,55629 Havey Circle,Tyler,Texas,75799
100,Oyoyo,739 Kropf Trail,El Paso,Texas,79928
101,Cogidoo,6615 Milwaukee Plaza,Miami,Florida,33142
102,Yadel,3 Moland Pass,Boise,Idaho,83711
103,Devify,785 Thackeray Terrace,Harrisburg,Pennsylvania,17140
104,Youspan,73244 Sutherland Trail,Spring Hill,Florida,34611
105,Vidoo,0 Sunnyside Circle,Washington,District of Columbia,20260
106,Layo,9 Shopko Point,Mesa,Arizona,85205
107,Youopia,04892 Ilene Plaza,Monticello,Minnesota,55565
108,Trupe,635 Schurz Road,Austin,Texas,78737
109,Feedfire,510 Heath Plaza,Syracuse,New York,13251
110,Dazzlesphere,761 North Terrace,Buffalo,New York,14233
111,Skiptube,61066 Mandrake Lane,Las Vegas,Nevada,89125
112,Feedmix,8 Eggendart Court,Atlanta,Georgia,30392
113,Chatterpoint,6606 Nevada Park,San Francisco,California,94169
114,Eabox,33 Spaight Trail,Miami,Florida,33158
115,Devify,835 Acker Junction,Pittsburgh,Pennsylvania,15240
116,Rhyloo,3 Sheridan Park,Winston Salem,North Carolina,27157
117,Tagchat,223 Jay Point,Portland,Maine,4109
118,Skinder,8446 Portage Trail,Reno,Nevada,89510
119,Mydeo,114 Morrow Terrace,Louisville,Kentucky,40293
120,Skajo,6502 Cardinal Terrace,Bradenton,Florida,34205
121,Miboo,1251 Surrey Crossing,Phoenix,Arizona,85025
122,Trunyx,4 Sunbrook Court,Albany,New York,12205
123,Mymm,8812 Talmadge Pass,Denver,Colorado,80204
124,Skiba,05 Autumn Leaf Crossing,Lexington,Kentucky,40510
125,Divape,5619 Oriole Pass,San Diego,California,92191
126,Centidel,438 Elmside Street,Abilene,Texas,79605
127,Bubblemix,82 Moose Alley,Lansing,Michigan,48919
128,Tanoodle,683 Arrowood Street,Dallas,Texas,75246
129,Realfire,1340 Dixon Court,Los Angeles,California,90094
130,Jayo,077 Talmadge Crossing,Jacksonville,Florida,32220
131,Tagchat,1642 Lakeland Road,Denver,Colorado,80270
132,Thoughtmix,45 Towne Court,Sacramento,California,95818
133,Quimm,404 Colorado Terrace,Bozeman,Montana,59771
134,Yodoo,60569 Bartillon Avenue,Alpharetta,Georgia,30022
135,Browseblab,50052 Rowland Hill,Colorado Springs,Colorado,80945
136,Eare,016 Jackson Court,Nashville,Tennessee,37215
137,Voonder,96 Charing Cross Hill,Fort Lauderdale,Florida,33320
138,Bubblebox,362 Glendale Parkway,Shawnee Mission,Kansas,66286
139,Skiba,5 Stephen Plaza,Orlando,Florida,32885
140,Voonix,216 Valley Edge Center,Cleveland,Ohio,44185
141,Kimia,05797 Dwight Place,Los Angeles,California,90101
142,Mita,167 Main Junction,Houston,Texas,77255
143,Quinu,813 Dawn Pass,San Diego,California,92153
144,Brainverse,384 Bartelt Plaza,Boston,Massachusetts,2114
145,Yozio,9536 Dixon Pass,Scottsdale,Arizona,85271
146,Devpoint,9 Upham Crossing,Rochester,Minnesota,55905
147,Cogilith,619 Oriole Street,Minneapolis,Minnesota,55407
148,Yodoo,414 Colorado Junction,Miami,Florida,33164
149,Thoughtsphere,75381 Montana Point,Kansas City,Missouri,64125
150,Linkbuzz,10235 Arrowood Point,Newport News,Virginia,23612
151,Twinte,386 Nova Trail,Harrisburg,Pennsylvania,17140
152,Skynoodle,1 Hansons Street,Washington,District of Columbia,20591
153,Midel,0 Stone Corner Circle,Springfield,Massachusetts,1152
154,Dynava,919 Mallard Road,Harrisburg,Pennsylvania,17110
155,Livetube,82114 Emmet Terrace,Jersey City,New Jersey,7305
156,Demimbu,10362 Gale Terrace,Miami,Florida,33185
157,Lazzy,428 Troy Point,Springfield,Illinois,62711
158,Eimbee,72692 Messerschmidt Crossing,Lexington,Kentucky,40524
159,Oyondu,0 1st Place,Los Angeles,California,90040
160,Yakijo,2500 Buell Parkway,Washington,District of Columbia,20051
161,Photofeed,3 Anderson Point,Camden,New Jersey,8104
162,Jabbersphere,0 Buena Vista Trail,Los Angeles,California,90189
163,Skyba,076 Division Terrace,Savannah,Georgia,31416
164,Vipe,8750 Petterle Junction,Seattle,Washington,98109
165,Aimbu,51968 Twin Pines Park,Silver Spring,Maryland,20918
166,Trupe,14 Beilfuss Pass,Houston,Texas,77045
167,Flashset,9 Spohn Place,Birmingham,Alabama,35236
168,Voomm,98262 Hagan Parkway,Nashville,Tennessee,37205
169,Brainlounge,988 Sommers Drive,Las Vegas,Nevada,89178
170,Viva,32447 Columbus Park,Baton Rouge,Louisiana,70894
171,Photolist,4058 Manitowish Plaza,New Orleans,Louisiana,70183
172,Roombo,9 Knutson Circle,West Hartford,Connecticut,6127
173,Eare,34 Meadow Valley Plaza,Santa Barbara,California,93106
174,Oyope,3 Cherokee Point,Syracuse,New York,13251
175,Dabvine,81 Sutteridge Way,Oxnard,California,93034
176,Flipbug,60 Carioca Avenue,Columbia,Missouri,65218
177,Trudoo,717 Debs Hill,Decatur,Georgia,30089
178,Vidoo,18 Red Cloud Park,Springfield,Illinois,62756
179,Blogspan,750 Carey Lane,Norman,Oklahoma,73071
180,Tekfly,8687 Center Alley,Juneau,Alaska,99812
181,Feedmix,8 Sunbrook Park,Waltham,Massachusetts,2453
182,Vipe,96 Melvin Alley,Huntsville,Texas,77343
183,Fivechat,2028 Harper Pass,Wilmington,Delaware,19805
184,Kwinu,3 Thompson Park,Cambridge,Massachusetts,2142
185,Browsetype,054 Sutherland Parkway,Springfield,Virginia,22156
186,Trudoo,60734 Menomonie Plaza,Salt Lake City,Utah,84130
187,Youbridge,1178 Melody Drive,Las Vegas,Nevada,89120
188,Geba,2519 Troy Parkway,Washington,District of Columbia,20392
189,Yabox,77 Fuller Drive,Columbus,Ohio,43226
190,Yombu,41366 Arapahoe Parkway,Brooklyn,New York,11236
191,Agivu,86790 Westerfield Alley,Springfield,Illinois,62718
192,Photobug,2524 Twin Pines Street,Bethesda,Maryland,20892
193,Eabox,3 Grover Avenue,Baltimore,Maryland,21229
194,Dablist,583 Mandrake Junction,Mobile,Alabama,36628
195,Photofeed,55 Esch Drive,Boulder,Colorado,80305
196,Topicblab,93 Forest Dale Lane,Seattle,Washington,98148
197,Eayo,1 Melvin Drive,Jacksonville,Florida,32255
198,Brainlounge,46 Petterle Avenue,Stamford,Connecticut,6922
199,Skajo,57538 Farwell Pass,Bradenton,Florida,34210
200,Devshare,23527 Ridgeway Terrace,Flushing,New York,11355
201,Jaxspan,374 Debra Terrace,Chicago,Illinois,60646
202,Oyope,88471 Saint Paul Drive,Meridian,Mississippi,39305
203,Blogpad,46587 Express Center,Dayton,Ohio,45426
204,Kaymbo,29969 Northwestern Plaza,Torrance,California,90510
205,Voonder,942 Derek Court,San Bernardino,California,92424
206,Fatz,1 Hollow Ridge Lane,Chattanooga,Tennessee,37416
207,Devbug,13 Bartelt Parkway,Atlanta,Georgia,31132
208,Flashpoint,7571 Prentice Way,Lafayette,Indiana,47905
209,Eabox,8 Oakridge Drive,Salt Lake City,Utah,84170
210,Yodo,25758 Barnett Street,Tyler,Texas,75705
211,Photolist,0505 Rusk Park,Maple Plain,Minnesota,55572
212,Zoomlounge,39290 Namekagon Parkway,Little Rock,Arkansas,72215
213,Einti,99519 Carpenter Junction,New York City,New York,10079
214,Browsecat,430 Dennis Circle,Lubbock,Texas,79410
215,Topicware,0949 Lerdahl Lane,Chicago,Illinois,60674
216,Thoughtbeat,7279 Shelley Circle,Ashburn,Virginia,22093
217,Yoveo,2236 Toban Alley,Buffalo,New York,14263
218,Edgeclub,9 Debs Way,Washington,District of Columbia,20430
219,Fanoodle,8 Johnson Place,Irving,Texas,75037
220,Eidel,9989 Esch Junction,Bonita Springs,Florida,34135
221,Blognation,9543 Troy Lane,Mobile,Alabama,36689
222,Dynabox,7 Loomis Junction,San Jose,California,95138
223,Fanoodle,142 Corscot Street,Denver,Colorado,80255
224,Oyoyo,89942 Annamark Plaza,Stamford,Connecticut,6905
225,Fanoodle,7 Sycamore Drive,Monticello,Minnesota,55590
226,Flashdog,13 Morning Road,Oakland,California,94611
227,Zoombeat,60 Shoshone Plaza,Largo,Florida,33777
228,Chatterbridge,6 Daystar Terrace,Winston Salem,North Carolina,27105
229,Voomm,70 Lukken Terrace,Boise,Idaho,83722
230,Yoveo,9633 Graedel Drive,Columbus,Ohio,43284
231,Centimia,951 Eagan Park,Frankfort,Kentucky,40618
232,Devbug,86513 Spaight Alley,Baltimore,Maryland,21290
233,Twitterwire,99586 New Castle Drive,Corpus Christi,Texas,78465
234,Trupe,0 Elka Street,Orange,California,92867
235,Edgeclub,16 Karstens Trail,Miami,Florida,33164
236,Jabbercube,501 Independence Parkway,Los Angeles,California,90020
237,Camido,41764 Northridge Point,Charleston,West Virginia,25336
238,Gigabox,5 Shopko Alley,Brooklyn,New York,11225
239,Pixoboo,7 Arkansas Drive,Madison,Wisconsin,53785
240,Brainbox,0130 Shelley Way,New York City,New York,10019
241,Linkbuzz,60 Brentwood Junction,Scottsdale,Arizona,85271
242,Skaboo,131 Troy Court,Greensboro,North Carolina,27499
243,Skilith,794 Alpine Point,Saint Paul,Minnesota,55146
244,Avamba,5847 Hanover Alley,Miami,Florida,33245
245,Kwideo,458 Oak Street,Duluth,Georgia,30096
246,Eidel,11248 Hazelcrest Trail,Chicago,Illinois,60636
247,Bluezoom,57014 Boyd Way,Dallas,Texas,75231
248,Tanoodle,05 Gerald Lane,Boise,Idaho,83716
249,Skyba,1948 Declaration Court,Cincinnati,Ohio,45271
250,Eidel,593 Eliot Circle,Phoenix,Arizona,85020
251,Flashspan,59 Carberry Center,Helena,Montana,59623
252,Shuffletag,9750 Lindbergh Hill,Seattle,Washington,98148
253,Leexo,2773 Prairieview Lane,Dallas,Texas,75246
254,Topicware,164 Bellgrove Road,San Jose,California,95155
255,Skidoo,684 Porter Junction,Wichita Falls,Texas,76310
256,Youopia,2 Elmside Court,Birmingham,Alabama,35210
257,Twinder,8902 Golf Crossing,Fresno,California,93709
258,Quinu,04 Jana Pass,El Paso,Texas,88569
259,Realmix,5 Clyde Gallagher Alley,Erie,Pennsylvania,16565
260,Dynabox,13 Parkside Place,San Diego,California,92127
261,Linklinks,7479 Golf Park,Saint Paul,Minnesota,55108
262,Plambee,55 Mosinee Drive,Detroit,Michigan,48232
263,Jabbercube,08 Kinsman Center,Wichita,Kansas,67260
264,Roombo,50 Crowley Circle,Toledo,Ohio,43656
265,Photobean,93528 Manufacturers Avenue,Cincinnati,Ohio,45213
266,Kimia,0059 Esch Place,Mansfield,Ohio,44905
267,Vipe,30 Bluejay Pass,South Bend,Indiana,46614
268,Yozio,6153 Haas Parkway,Boston,Massachusetts,2216
269,Wikibox,1 Summerview Drive,Boca Raton,Florida,33499
270,Dabshots,338 Myrtle Park,Atlanta,Georgia,30336
271,Ozu,43 Lake View Parkway,Amarillo,Texas,79188
272,Quamba,9482 Sommers Drive,Charleston,West Virginia,25389
273,Skinix,1 Manufacturers Parkway,Sacramento,California,94286
274,Wordtune,33741 Myrtle Parkway,West Palm Beach,Florida,33411
275,Babbleopia,444 Barby Lane,Charlotte,North Carolina,28230
276,Feedfish,99151 Hoepker Park,Bismarck,North Dakota,58505
277,Shufflebeat,604 Reinke Plaza,Saint Louis,Missouri,63131
278,Plambee,9905 Ohio Park,Kansas City,Missouri,64144
279,Skimia,5 Prairie Rose Street,New York City,New York,10275
280,Mybuzz,101 2nd Pass,Reno,Nevada,89550
281,Youspan,4 Meadow Valley Street,Nashville,Tennessee,37245
282,Oba,9 Reindahl Hill,Pasadena,California,91199
283,Mydo,5909 Cardinal Terrace,Rochester,New York,14619
284,Ntags,18 Graceland Court,Inglewood,California,90310
285,Linktype,2785 Village Junction,Staten Island,New York,10305
286,Linkbuzz,8 Bobwhite Avenue,Newark,New Jersey,7188
287,Meevee,95 Summerview Terrace,Fort Lauderdale,Florida,33315
288,Roomm,0888 Northridge Lane,Norfolk,Virginia,23504
289,Dynazzy,8688 Orin Drive,Tampa,Florida,33647
290,Kimia,31 Twin Pines Crossing,Waterbury,Connecticut,6726
291,Mudo,0657 Almo Hill,Bronx,New York,10464
292,Blogtags,4675 Coolidge Lane,Evansville,Indiana,47732
293,Photolist,40 Sunnyside Road,Springfield,Massachusetts,1129
294,Thoughtsphere,37 Kropf Trail,Youngstown,Ohio,44511
295,Photobean,38 Declaration Center,Boise,Idaho,83732
296,Eazzy,8 Birchwood Junction,Santa Fe,New Mexico,87592
297,Realfire,23 Bay Pass,Denver,Colorado,80291
298,Demivee,515 Forest Drive,Houston,Texas,77005
299,Youtags,42 Village Green Hill,Milwaukee,Wisconsin,53263
300,Buzzshare,3724 Monument Road,Terre Haute,Indiana,47805
301,Mycat,8 Bunker Hill Alley,Seattle,Washington,98115
302,LiveZ,0 Coolidge Center,Farmington,Michigan,48335
303,Zoomdog,61452 Havey Avenue,Peoria,Illinois,61605
304,JumpXS,63808 Dunning Plaza,New York City,New York,10280
305,Thoughtbridge,0582 Alpine Hill,Provo,Utah,84605
306,Demizz,89613 Knutson Park,San Jose,California,95123
307,Brightbean,82 Orin Place,Saint Paul,Minnesota,55103
308,Vipe,50 Anzinger Park,Reno,Nevada,89510
309,Vipe,29 Kings Court,Washington,District of Columbia,20425
310,Demizz,14 Spenser Terrace,Bryan,Texas,77806
311,Vinte,51 Upham Point,Philadelphia,Pennsylvania,19184
312,Feedfish,46693 Forest Dale Pass,Washington,District of Columbia,20503
313,Mybuzz,89134 Meadow Ridge Point,Lafayette,Indiana,47905
314,Feedfire,2377 Eastlawn Park,Dayton,Ohio,45419
315,Meemm,5980 Fremont Point,Des Moines,Iowa,50305
316,Skynoodle,3 Londonderry Crossing,Atlanta,Georgia,30316
317,Omba,24 Butterfield Way,Kansas City,Missouri,64101
318,Youspan,91 Columbus Point,Young America,Minnesota,55557
319,Einti,682 Forest Court,Philadelphia,Pennsylvania,19131
320,Pixonyx,25805 Dayton Pass,Rochester,Minnesota,55905
321,Topdrive,86 Judy Hill,Young America,Minnesota,55573
322,Feedbug,8 Anderson Park,Minneapolis,Minnesota,55441
323,Linklinks,8 Center Avenue,New York City,New York,10019
324,Bluezoom,2104 Clove Junction,High Point,North Carolina,27264
325,Photobug,2 Cambridge Crossing,Shawnee Mission,Kansas,66220
326,Skalith,57 Sauthoff Circle,Springfield,Illinois,62756
327,Jayo,07 Crowley Pass,Silver Spring,Maryland,20910
328,Jaxworks,1 Kinsman Lane,Memphis,Tennessee,38143
329,Gabvine,0 Merrick Street,Phoenix,Arizona,85020
330,Npath,292 Harper Hill,Pittsburgh,Pennsylvania,15230
331,Thoughtstorm,61 Prairieview Terrace,Fresno,California,93721
332,Zoovu,6 Rutledge Pass,San Antonio,Texas,78210
333,Cogibox,4 Mesta Terrace,Madison,Wisconsin,53790
334,Aimbo,6969 Emmet Point,Winston Salem,North Carolina,27116
335,Ainyx,0 Sundown Pass,San Antonio,Texas,78296
336,Demizz,517 Graedel Hill,Lynn,Massachusetts,1905
337,Ooba,5 Sauthoff Terrace,Des Moines,Iowa,50393
338,Voomm,534 Becker Hill,Athens,Georgia,30605
339,Thoughtsphere,33 Talisman Point,Washington,District of Columbia,20420
340,Dabtype,732 Anderson Plaza,Long Beach,California,90840
341,Bubblebox,852 Lawn Point,Fort Worth,Texas,76192
342,Trudeo,37 Victoria Street,Springfield,Illinois,62711
343,Gigazoom,82949 Hanson Court,Herndon,Virginia,22070
344,Skajo,1066 Laurel Place,Colorado Springs,Colorado,80915
345,Yoveo,95 Bashford Street,Washington,District of Columbia,20041
346,Livetube,469 Jenna Parkway,Akron,Ohio,44305
347,Dabfeed,524 Washington Hill,Naples,Florida,34102
348,Jatri,018 Mariners Cove Road,Pasadena,Texas,77505
349,Wikizz,9 Donald Junction,Cincinnati,Ohio,45208
350,Youtags,674 Hudson Alley,Madison,Wisconsin,53726
351,Oodoo,485 Northridge Junction,Buffalo,New York,14215
352,Jaxbean,4 Sage Road,Boise,Idaho,83757
353,Oyoloo,0359 Surrey Pass,Shawnee Mission,Kansas,66225
354,Riffwire,527 Bay Trail,San Antonio,Texas,78296
355,Brainverse,713 Ruskin Avenue,Memphis,Tennessee,38150
356,Katz,01 Ruskin Terrace,Waco,Texas,76711
357,Cogilith,26057 Prairie Rose Alley,Akron,Ohio,44329
358,Skinte,36041 Veith Street,West Palm Beach,Florida,33416
359,Viva,99 Pennsylvania Way,Portsmouth,New Hampshire,214
360,Geba,2 Graceland Avenue,Denton,Texas,76205
361,Skalith,40 Waubesa Terrace,Columbus,Ohio,43231
362,Divanoodle,33214 Pankratz Road,Lubbock,Texas,79415
363,Aimbu,67294 Rusk Circle,Birmingham,Alabama,35279
364,LiveZ,82 East Center,Cedar Rapids,Iowa,52405
365,Feedbug,3 Mandrake Lane,San Antonio,Texas,78296
366,Vinder,72385 Stuart Parkway,Cincinnati,Ohio,45264
367,Demivee,2244 Messerschmidt Way,Huntington,West Virginia,25721
368,Realbuzz,4 Susan Center,Youngstown,Ohio,44511
369,Oyonder,6682 Green Ridge Pass,Sacramento,California,95828
370,Oyope,2312 Bluejay Crossing,Saint Paul,Minnesota,55146
371,Voolia,43285 Columbus Center,Modesto,California,95397
372,Eamia,59800 Declaration Center,Rochester,New York,14683
373,Avamm,36 Sunfield Lane,Lexington,Kentucky,40596
374,Cogibox,3811 Morrow Parkway,Greensboro,North Carolina,27409
375,Youbridge,2382 Pawling Place,Seattle,Washington,98140
376,Jayo,55 Norway Maple Center,Fort Worth,Texas,76115
377,Voomm,742 Lunder Trail,Austin,Texas,78764
378,Skipstorm,56 Mifflin Terrace,Colorado Springs,Colorado,80915
379,Babblestorm,4488 Hauk Terrace,Pittsburgh,Pennsylvania,15210
380,Oyoyo,9608 Waubesa Point,Louisville,Kentucky,40210
381,Quatz,40754 Tennessee Park,Fairbanks,Alaska,99709
382,Brainverse,7 Gateway Street,Monticello,Minnesota,55565
383,Innojam,04557 Corben Park,Louisville,Kentucky,40233
384,Feedspan,64409 Village Park,Battle Creek,Michigan,49018
385,Innojam,109 Waubesa Drive,Billings,Montana,59105
386,Janyx,515 Mesta Court,Louisville,Kentucky,40233
387,Linkbridge,458 Chive Trail,Philadelphia,Pennsylvania,19196
388,Photofeed,8664 Bowman Lane,Honolulu,Hawaii,96825
389,Ozu,61150 Straubel Pass,Madison,Wisconsin,53716
390,Yodoo,60 Glendale Circle,Tulsa,Oklahoma,74126
391,Zoomdog,6132 Mosinee Alley,Birmingham,Alabama,35205
392,Oyoloo,653 Eastlawn Road,Santa Monica,California,90405
393,Trilith,36 Browning Alley,New York City,New York,10009
394,Yakijo,70800 Vahlen Park,San Diego,California,92105
395,Zoomlounge,2 Chive Trail,Decatur,Illinois,62525
396,Linktype,74216 Saint Paul Center,Chico,California,95973
397,BlogXS,99668 Eagle Crest Lane,Chicago,Illinois,60641
398,Skipstorm,451 Fordem Lane,Moreno Valley,California,92555
399,Demivee,1 Bluejay Circle,Sioux City,Iowa,51105
400,Oyoloo,88707 Gina Street,Santa Barbara,California,93150
401,Fivebridge,72 Corscot Park,Madison,Wisconsin,53716
402,Ainyx,66 Redwing Court,Waterbury,Connecticut,6705
403,Nlounge,7578 Arapahoe Avenue,Greeley,Colorado,80638
404,Twimbo,19949 Eliot Circle,Brea,California,92822
405,Rhybox,5719 Union Hill,Indianapolis,Indiana,46221
406,Twinte,5152 8th Circle,Jersey City,New Jersey,7310
407,Blogtag,7 Westridge Terrace,Pompano Beach,Florida,33069
408,Avaveo,89591 Namekagon Drive,Miami,Florida,33124
409,Edgeclub,43475 Mayer Circle,Pasadena,California,91186
410,Thoughtworks,340 Marcy Crossing,Knoxville,Tennessee,37931
411,Myworks,20 Shoshone Hill,San Diego,California,92176
412,Dabvine,3 Nelson Park,Bakersfield,California,93386
413,Jamia,2 Farmco Parkway,Fort Wayne,Indiana,46814
414,Quaxo,789 Towne Hill,Glendale,Arizona,85305
415,Fliptune,67837 Bobwhite Lane,Tacoma,Washington,98424
416,Kwideo,2 Upham Drive,Spring,Texas,77388
417,Voonix,14564 Kenwood Plaza,Richmond,Virginia,23272
418,Kanoodle,4 Erie Alley,Birmingham,Alabama,35220
419,Geba,074 Dawn Trail,Charlottesville,Virginia,22903
420,Browseblab,5888 Jay Junction,Saint Petersburg,Florida,33742
421,Dynava,1 Schmedeman Hill,Washington,District of Columbia,20337
422,Brainverse,51179 Schmedeman Pass,Washington,District of Columbia,20046
423,Realbridge,468 Schiller Trail,Springfield,Illinois,62711
424,Centizu,13194 Myrtle Hill,Houston,Texas,77240
425,Kazio,95006 Jay Pass,Brooksville,Florida,34605
426,Brainverse,614 International Parkway,Santa Fe,New Mexico,87592
427,Skynoodle,0 Hovde Parkway,Harrisburg,Pennsylvania,17105
428,Quatz,8 Leroy Center,New York City,New York,10203
429,Katz,1252 Clarendon Lane,San Francisco,California,94147
430,Blognation,3 Sachs Parkway,Garden Grove,California,92645
431,Tagopia,37031 Stephen Plaza,Bridgeport,Connecticut,6606
432,Ailane,83 Delaware Crossing,Decatur,Illinois,62525
433,Brainlounge,0 Eliot Pass,Charleston,West Virginia,25331
434,Skibox,20025 Saint Paul Road,Tulsa,Oklahoma,74184
435,Thoughtblab,4 Schiller Trail,Lincoln,Nebraska,68505
436,Skinix,7 Merrick Road,Albany,New York,12205
437,Gigabox,34 Northview Trail,Bethlehem,Pennsylvania,18018
438,Gabtype,11709 Maywood Place,Dallas,Texas,75265
439,Realblab,8564 Carioca Way,Stockton,California,95219
440,Babbleblab,89193 Briar Crest Road,Monroe,Louisiana,71208
441,Zoomcast,5731 Summit Junction,Kent,Washington,98042
442,Gevee,05931 Roxbury Way,Memphis,Tennessee,38126
443,Yamia,6705 Brentwood Trail,Sacramento,California,95828
444,Zoombeat,298 Morningstar Park,Aurora,Colorado,80015
445,Yodoo,5 Mosinee Lane,Cincinnati,Ohio,45228
446,JumpXS,05 Fairview Circle,Humble,Texas,77346
447,Jabberstorm,727 Golf Trail,Green Bay,Wisconsin,54305
448,Gigazoom,551 Mesta Park,Saint Paul,Minnesota,55123
449,Feedmix,88710 Calypso Hill,Charleston,West Virginia,25321
450,Quamba,662 Gina Pass,Scottsdale,Arizona,85255
451,Skinder,35126 Westridge Street,New Orleans,Louisiana,70154
452,Roombo,506 Bay Crossing,Dallas,Texas,75241
453,Realcube,09 Farragut Parkway,Dallas,Texas,75387
454,Jaxbean,98 Main Trail,Austin,Texas,78726
455,Realmix,25 Hoard Place,Birmingham,Alabama,35285
456,Tagchat,5624 Anderson Road,Hartford,Connecticut,6105
457,Photobug,22 Memorial Lane,North Port,Florida,34290
458,Blognation,15 Bellgrove Street,Lexington,Kentucky,40581
459,Rooxo,0 Chinook Alley,Anchorage,Alaska,99507
460,Katz,647 Spaight Crossing,Albuquerque,New Mexico,87121
461,Zoomzone,5 Maple Center,Naples,Florida,34114
462,Einti,227 Mallory Street,Fort Myers,Florida,33994
463,Pixonyx,13491 Burning Wood Avenue,Atlanta,Georgia,30356
464,Mydo,71 Forest Dale Place,Tulsa,Oklahoma,74108
465,Yadel,9604 Summer Ridge Parkway,Honolulu,Hawaii,96825
466,Ntag,5477 Bultman Alley,Washington,District of Columbia,20210
467,Voolia,126 Browning Pass,Abilene,Texas,79699
468,Brainlounge,22 Lerdahl Way,Wichita,Kansas,67215
469,Edgepulse,1 Dixon Place,Corpus Christi,Texas,78470
470,Wordware,70849 Lawn Point,Amarillo,Texas,79116
471,Minyx,49 Grasskamp Parkway,Salt Lake City,Utah,84145
472,Skajo,0 Crest Line Alley,Pensacola,Florida,32505
473,Avaveo,80 Mallory Trail,Omaha,Nebraska,68197
474,Blogtag,72161 Bunker Hill Avenue,Wilmington,Delaware,19897
475,Eire,53 Kings Junction,Carson City,Nevada,89714
476,Mynte,8 Roxbury Junction,Tulsa,Oklahoma,74170
477,Photolist,1 Center Way,Carlsbad,California,92013
478,Dabjam,26 Barnett Way,Lansing,Michigan,48919
479,Photospace,076 Scofield Trail,Spring,Texas,77388
480,Tavu,3562 Hollow Ridge Way,Tulsa,Oklahoma,74141
481,Shufflester,4932 Shoshone Avenue,Charleston,West Virginia,25356
482,Topiczoom,576 Hoard Court,Memphis,Tennessee,38131
483,Geba,6050 Independence Point,Bowie,Maryland,20719
484,Rhyzio,08 Loeprich Hill,Minneapolis,Minnesota,55407
485,Brainverse,60941 Corscot Avenue,Frederick,Maryland,21705
486,Npath,1 Pierstorff Court,Garden Grove,California,92645
487,Yadel,114 Lillian Drive,Oakland,California,94627
488,Topicshots,844 Texas Way,Orlando,Florida,32825
489,DabZ,3249 Maple Alley,Greenville,South Carolina,29610
490,Mudo,204 Haas Lane,Harrisburg,Pennsylvania,17140
491,Dynava,81 Mandrake Way,San Jose,California,95128
492,Dablist,896 Manufacturers Circle,Fort Myers,Florida,33994
493,Podcat,36550 Kenwood Alley,Miami,Florida,33142
494,Jayo,90445 Hazelcrest Park,Memphis,Tennessee,38131
495,Shuffledrive,0239 Park Meadow Street,Young America,Minnesota,55557
496,Jabbersphere,76 Esker Drive,Newton,Massachusetts,2162
497,Dynabox,1201 Towne Crossing,Dallas,Texas,75251
498,Dynava,44 Scott Place,Winter Haven,Florida,33884
499,Mycat,1 Susan Court,Harrisburg,Pennsylvania,17110
500,Jatri,60651 Lukken Point,Houston,Texas,77050
501,Linklinks,307 Becker Court,Washington,District of Columbia,20036
502,Oba,926 Corry Terrace,Vancouver,Washington,98664
503,Meeveo,3 Delladonna Parkway,Worcester,Massachusetts,1605
504,Abatz,4980 Vera Avenue,Paterson,New Jersey,7505
505,Ailane,13802 Rigney Way,Bradenton,Florida,34282
506,Edgeblab,02350 Kedzie Hill,Kansas City,Missouri,64179
507,Browsedrive,747 Rigney Road,Peoria,Illinois,61614
508,Yombu,16 Sherman Road,Boulder,Colorado,80310
509,Divavu,38 Paget Road,Fargo,North Dakota,58122
510,Skipfire,30 Holmberg Court,Palatine,Illinois,60078
511,Edgepulse,3757 Beilfuss Court,Salt Lake City,Utah,84130
512,Oyoloo,47 Corry Hill,Saginaw,Michigan,48609
513,Quaxo,959 Mosinee Avenue,Tulsa,Oklahoma,74184
514,Yadel,25144 David Plaza,Gainesville,Georgia,30506
515,Flipbug,75 Starling Circle,Buffalo,New York,14225
516,Skyble,4 Dapin Way,San Francisco,California,94164
517,Brainverse,5526 Montana Plaza,Jacksonville,Florida,32255
518,Livetube,2 Dunning Avenue,El Paso,Texas,79968
519,Dabjam,1 Dottie Parkway,Abilene,Texas,79699
520,Gigabox,84494 Morning Drive,Migrate,Kentucky,41905
521,Meeveo,04 Fulton Park,Little Rock,Arkansas,72209
522,Centidel,64 Straubel Center,Alexandria,Virginia,22313
523,Plajo,0 Iowa Center,Orlando,Florida,32885
524,Jayo,95 Northland Avenue,Mountain View,California,94042
525,Bluezoom,9512 Sachtjen Circle,Birmingham,Alabama,35225
526,Vidoo,299 Lukken Crossing,Greenville,South Carolina,29615
527,Oozz,09 Roth Lane,Chicago,Illinois,60646
528,Tagtune,91 Bunting Parkway,Akron,Ohio,44393
529,Mydo,3 Doe Crossing Point,Rochester,New York,14604
530,Quatz,9466 Fair Oaks Alley,Kansas City,Missouri,64160
531,Kazu,47439 Fuller Court,Columbus,Georgia,31904
532,Yacero,51 Michigan Circle,Waterbury,Connecticut,6705
533,Innojam,30 Prairieview Junction,Macon,Georgia,31205
534,Tambee,38215 Prairieview Court,Houston,Texas,77206
535,Layo,4 Bluejay Plaza,San Francisco,California,94147
536,Mydeo,234 Judy Park,Hampton,Virginia,23663
537,Browsecat,7433 Monument Circle,Worcester,Massachusetts,1605
538,Thoughtsphere,18 Amoth Lane,Colorado Springs,Colorado,80930
539,Twimm,6 Merchant Pass,Indianapolis,Indiana,46254
540,Pixoboo,75 Sachs Pass,Washington,District of Columbia,20380
541,Aibox,15217 Wayridge Drive,San Angelo,Texas,76905
542,Quatz,93 John Wall Pass,Louisville,Kentucky,40220
543,Meembee,147 Reinke Way,Louisville,Kentucky,40266
544,Camimbo,9 Glendale Street,Gatesville,Texas,76598
545,Feedmix,2 Bashford Lane,Dearborn,Michigan,48126
546,Dabfeed,92479 Mcguire Trail,Battle Creek,Michigan,49018
547,Chatterpoint,233 Victoria Street,Baltimore,Maryland,21281
548,Shuffledrive,4 Armistice Terrace,Los Angeles,California,90005
549,Blogtag,592 Knutson Terrace,Kansas City,Missouri,64160
550,Eidel,7 Dryden Plaza,Washington,District of Columbia,20525
551,Kanoodle,8 Tennyson Pass,Des Moines,Iowa,50305
552,Demivee,3850 Mallard Trail,Miami,Florida,33175
553,Skinix,33 Westend Center,Springfield,Massachusetts,1152
554,Fliptune,46 Blaine Pass,Washington,District of Columbia,20551
555,Twimbo,066 Carpenter Crossing,Miami Beach,Florida,33141
556,Lajo,90029 Hintze Circle,Carson City,Nevada,89706
557,Fanoodle,26 Paget Trail,New Orleans,Louisiana,70160
558,Midel,8336 Moulton Terrace,Lexington,Kentucky,40591
559,Leexo,54 Warbler Junction,Wilmington,Delaware,19897
560,Flashpoint,53 Westend Avenue,Frankfort,Kentucky,40618
561,Realmix,1704 Milwaukee Trail,Bismarck,North Dakota,58505
562,Divape,1 Kennedy Terrace,Baltimore,Maryland,21281
563,Ozu,3930 Hintze Point,Charlotte,North Carolina,28284
564,Dabtype,211 Shelley Road,Columbus,Georgia,31904
565,Aimbu,641 Old Gate Lane,Shreveport,Louisiana,71130
566,Bubblemix,5 Ridge Oak Pass,South Bend,Indiana,46634
567,Feedmix,5956 Del Mar Circle,Newton,Massachusetts,2162
568,Bluezoom,1 Scott Junction,Cleveland,Ohio,44105
569,Skimia,881 Vernon Trail,Pittsburgh,Pennsylvania,15220
570,Vipe,24719 Lillian Crossing,Los Angeles,California,90020
571,Divavu,58068 Stang Parkway,Tampa,Florida,33633
572,Youopia,3451 Kennedy Terrace,Duluth,Georgia,30096
573,Yakitri,382 Crest Line Park,Pittsburgh,Pennsylvania,15266
574,Feedfish,40543 Hauk Circle,Mobile,Alabama,36616
575,Skalith,350 Vermont Pass,Peoria,Illinois,61614
576,Gabvine,890 Brickson Park Way,Savannah,Georgia,31422
577,Realbridge,55 Colorado Point,Baton Rouge,Louisiana,70883
578,Dynava,57869 Forest Junction,Santa Cruz,California,95064
579,Meeveo,55909 Fulton Alley,El Paso,Texas,79994
580,Dynabox,10463 Blaine Street,Brooklyn,New York,11241
581,Vinder,45595 Ridgeview Point,Amarillo,Texas,79165
582,Yambee,491 Loeprich Way,Reno,Nevada,89505
583,Gevee,21703 6th Court,Phoenix,Arizona,85067
584,Eadel,1839 Everett Hill,Charleston,West Virginia,25356
585,Lajo,52729 Cody Hill,San Diego,California,92165
586,Twitterlist,51440 Swallow Terrace,Peoria,Arizona,85383
587,Skimia,077 Summit Place,Pensacola,Florida,32526
588,Babbleblab,10897 Monument Terrace,Charlotte,North Carolina,28225
589,Fliptune,3610 Rutledge Road,Battle Creek,Michigan,49018
590,Skiba,63990 Nobel Plaza,Pueblo,Colorado,81010
591,Bubblemix,2 Anderson Plaza,Akron,Ohio,44305
592,Zoozzy,86 Sachs Crossing,Wilkes Barre,Pennsylvania,18763
593,Twinder,72297 Graedel Avenue,Tucson,Arizona,85732
594,Flipbug,0018 Grover Hill,Fullerton,California,92835
595,Zoonder,67 Miller Street,Mobile,Alabama,36616
596,Ainyx,16 Brown Lane,Oklahoma City,Oklahoma,73124
597,Thoughtblab,3006 Sutherland Terrace,Peoria,Arizona,85383
598,Browsezoom,03 Ronald Regan Circle,Washington,District of Columbia,20551
599,Yodo,8 Washington Plaza,Aurora,Illinois,60505
600,Kamba,23 Lukken Park,Indianapolis,Indiana,46278
601,Latz,8300 Logan Crossing,Melbourne,Florida,32919
602,Thoughtworks,62 Scott Street,Philadelphia,Pennsylvania,19151
603,Feednation,977 New Castle Place,Duluth,Minnesota,55811
604,Photobean,9 Cambridge Point,Bronx,New York,10474
605,Centidel,0588 Columbus Court,Lakeland,Florida,33811
606,Zoombeat,87 Mccormick Way,Oklahoma City,Oklahoma,73147
607,Tagchat,75 Eliot Lane,Denver,Colorado,80217
608,Centizu,27325 1st Court,Phoenix,Arizona,85062
609,Quamba,00 Oak Valley Point,Orlando,Florida,32868
610,Tazz,43 Pierstorff Drive,New York City,New York,10024
611,Roomm,64 Hudson Junction,Sandy,Utah,84093
612,Jetpulse,7 Pine View Place,Chattanooga,Tennessee,37405
613,Browsedrive,97 Pierstorff Street,Valdosta,Georgia,31605
614,Divanoodle,64 Blue Bill Park Junction,Peoria,Illinois,61640
615,Cogilith,14065 Texas Street,Albuquerque,New Mexico,87140
616,Browsezoom,0430 Sundown Avenue,Fullerton,California,92835
617,Babbleset,60 Bultman Parkway,Rochester,New York,14609
618,Photolist,9 Algoma Way,Orange,California,92862
619,Camido,53 Elmside Point,Battle Creek,Michigan,49018
620,Cogibox,7220 Dakota Drive,Springfield,Illinois,62776
621,Yozio,79434 Stephen Avenue,Chicago,Illinois,60630
622,Jaxworks,0 Laurel Point,Denver,Colorado,80262
623,Zava,04590 Mccormick Drive,Knoxville,Tennessee,37914
624,Roodel,6202 Hallows Plaza,Clearwater,Florida,33758
625,Tagfeed,6 Cambridge Way,Oklahoma City,Oklahoma,73190
626,Skiba,58340 Beilfuss Parkway,Metairie,Louisiana,70033
627,Gigazoom,4229 Thackeray Street,Boca Raton,Florida,33432
628,BlogXS,29472 Forster Street,Van Nuys,California,91411
629,Skyvu,16936 Eastwood Way,Bakersfield,California,93311
630,Roombo,64 Elgar Parkway,Tampa,Florida,33620
631,Divavu,421 Kipling Trail,San Bernardino,California,92405
632,Lazzy,2293 International Hill,Rochester,Minnesota,55905
633,Jabbertype,02661 Thackeray Drive,Columbus,Ohio,43231
634,Jabberbean,44767 Delladonna Hill,Pasadena,California,91109
635,Twinder,6 Columbus Terrace,Atlanta,Georgia,30392
636,Skinder,12415 International Alley,Muskegon,Michigan,49444
637,Realmix,10 Vernon Road,Cincinnati,Ohio,45999
638,Quire,168 New Castle Terrace,New Haven,Connecticut,6538
639,Bubblebox,9 Di Loreto Junction,San Jose,California,95128
640,Skaboo,5 Anzinger Crossing,Birmingham,Alabama,35263
641,Kamba,98 Sommers Circle,Clearwater,Florida,33763
642,Skaboo,3436 Pawling Junction,Des Moines,Iowa,50369
643,Youtags,801 Tony Terrace,Abilene,Texas,79699
644,Aimbu,4 Bellgrove Way,Saint Louis,Missouri,63136
645,Latz,0732 Hanover Center,Houston,Texas,77206
646,Muxo,2 Randy Parkway,Trenton,New Jersey,8638
647,Voolia,019 Declaration Trail,Springfield,Illinois,62764
648,Wordify,6 Pepper Wood Junction,Flint,Michigan,48550
649,Skyba,009 Dunning Circle,Louisville,Kentucky,40298
650,Yakitri,7 Lunder Trail,Pittsburgh,Pennsylvania,15255
651,Youtags,34 North Place,Norwalk,Connecticut,6859
652,Dabvine,3 Commercial Court,Longview,Texas,75605
653,Kazio,4 Magdeline Circle,Newport Beach,California,92662
654,Realmix,050 Hintze Plaza,Jackson,Tennessee,38308
655,Browsedrive,693 Farragut Court,Philadelphia,Pennsylvania,19141
656,Oodoo,37962 Raven Terrace,Anchorage,Alaska,99512
657,Flipbug,1170 Bartillon Crossing,Tucson,Arizona,85737
658,Trilith,6125 Arkansas Street,Washington,District of Columbia,20078
659,Twitterwire,379 Anderson Drive,Salem,Oregon,97312
660,Yakijo,19461 Monica Center,Gainesville,Florida,32605
661,Kazu,6886 East Plaza,Morgantown,West Virginia,26505
662,Digitube,7 Bonner Point,Springfield,Illinois,62723
663,Kwinu,6 Hallows Circle,Dallas,Texas,75287
664,Izio,2 Hollow Ridge Parkway,Spokane,Washington,99205
665,Vidoo,6 Dennis Plaza,Anchorage,Alaska,99522
666,Realbuzz,26 Beilfuss Parkway,New York City,New York,10292
667,Yakijo,089 Hansons Center,Los Angeles,California,90040
668,Yacero,30 Loeprich Parkway,Charlotte,North Carolina,28263
669,Demizz,243 Kim Circle,Portland,Oregon,97271
670,Edgeblab,886 Pepper Wood Drive,Los Angeles,California,90189
671,LiveZ,7 Anhalt Plaza,Danbury,Connecticut,6816
672,Abatz,5 Ridgeway Circle,Boise,Idaho,83732
673,Kwilith,16 Melody Junction,Atlanta,Georgia,31106
674,Gigabox,30039 Little Fleur Street,Boise,Idaho,83722
675,Blognation,5 Dunning Park,Pocatello,Idaho,83206
676,Twinder,2 Merchant Street,Long Beach,California,90847
677,Skyba,36020 Sheridan Alley,Winston Salem,North Carolina,27150
678,Eadel,0743 Eastlawn Street,Tulsa,Oklahoma,74141
679,Nlounge,40 Hollow Ridge Avenue,Bronx,New York,10459
680,Zooveo,94097 Mockingbird Hill,Boulder,Colorado,80328
681,Edgeify,94027 Prairie Rose Hill,Little Rock,Arkansas,72215
682,LiveZ,4 Northwestern Junction,Dallas,Texas,75221
683,Zoomlounge,592 Fuller Circle,Trenton,New Jersey,8608
684,Tanoodle,08187 Forest Hill,Texarkana,Texas,75507
685,Zava,11 Bunting Center,Tulsa,Oklahoma,74103
686,Devcast,43 Bunker Hill Parkway,Kansas City,Missouri,64193
687,Rhyzio,05274 Pond Center,Danbury,Connecticut,6816
688,Tekfly,84 Nelson Parkway,Amarillo,Texas,79159
689,Voonyx,4956 Bonner Crossing,Washington,District of Columbia,20508
690,Janyx,8 6th Circle,Greensboro,North Carolina,27499
691,Oba,06 Holy Cross Circle,Richmond,Virginia,23285
692,Bluezoom,864 Sundown Road,El Paso,Texas,79950
693,Lazzy,20680 Tennyson Street,Wilkes Barre,Pennsylvania,18763
694,Wordtune,36300 Eagan Parkway,Chicago,Illinois,60604
695,Twinte,95212 Manitowish Way,Memphis,Tennessee,38197
696,Oba,7 Glacier Hill Street,Oklahoma City,Oklahoma,73152
697,Meetz,7 Badeau Park,Erie,Pennsylvania,16565
698,Wikizz,13838 Onsgard Junction,Stockton,California,95298
699,Eire,64232 Di Loreto Trail,Ocala,Florida,34474
700,Trilia,9 Steensland Circle,Norwalk,Connecticut,6859
701,Riffpath,62258 Red Cloud Avenue,Houston,Texas,77299
702,Dabshots,88 Kenwood Lane,Seattle,Washington,98109
703,Skyndu,97981 Jana Lane,Detroit,Michigan,48295
704,Demimbu,426 Gale Court,Saint Petersburg,Florida,33731
705,Zoomdog,71 Grasskamp Pass,Greenville,South Carolina,29610
706,Jabbersphere,17249 Melody Street,South Bend,Indiana,46620
707,Skyndu,65462 Oneill Alley,Long Beach,California,90831
708,Ntag,75 Pepper Wood Road,Atlanta,Georgia,31196
709,Tagtune,0 Sullivan Plaza,Huntsville,Alabama,35805
710,Babbleblab,29401 Dixon Place,Las Vegas,Nevada,89130
711,Dabfeed,6 Farwell Avenue,Pittsburgh,Pennsylvania,15225
712,Youspan,41 Main Point,El Paso,Texas,88525
713,Tagchat,1838 Little Fleur Terrace,Portland,Oregon,97271
714,Vidoo,597 Stang Terrace,Seattle,Washington,98158
715,Divape,49672 Melrose Plaza,Kansas City,Missouri,64125
716,Oyoba,579 Clarendon Road,Palm Bay,Florida,32909
717,Topiczoom,8910 Fremont Street,Akron,Ohio,44305
718,Skibox,1204 Mockingbird Point,Washington,District of Columbia,20319
719,Browsedrive,7 Dexter Terrace,Miami Beach,Florida,33141
720,Voonte,7 Golf View Park,New Orleans,Louisiana,70116
721,Tagcat,45578 Dovetail Junction,Honolulu,Hawaii,96815
722,Tagfeed,90 Straubel Terrace,Pittsburgh,Pennsylvania,15210
723,Bluezoom,15 Waubesa Park,Albuquerque,New Mexico,87110
724,Voomm,4867 Sachs Point,Phoenix,Arizona,85067
725,Kwimbee,81 Talmadge Road,Irving,Texas,75037
726,Demimbu,49741 Arrowood Crossing,Charleston,West Virginia,25305
727,Skyndu,102 Melby Alley,Orlando,Florida,32825
728,Abatz,5961 Lunder Junction,San Francisco,California,94177
729,Aimbo,4005 Westerfield Crossing,Baton Rouge,Louisiana,70810
730,Devpoint,67 Bay Circle,Erie,Pennsylvania,16522
731,Twitternation,20 Golden Leaf Way,Lakewood,Washington,98498
732,Skyba,357 Hagan Hill,Tuscaloosa,Alabama,35405
733,Thoughtstorm,2 Drewry Hill,Milwaukee,Wisconsin,53215
734,Zoonder,1764 Thompson Park,Van Nuys,California,91406
735,Blogtag,7 Hagan Place,Honolulu,Hawaii,96840
736,Trudoo,6 Manufacturers Trail,Cincinnati,Ohio,45233
737,Jaloo,38 Donald Way,Chicago,Illinois,60646
738,Shufflester,5 Fairfield Pass,Kansas City,Missouri,64125
739,Twimbo,81 Gateway Trail,Jacksonville,Florida,32277
740,Yozio,934 Mesta Court,Cleveland,Ohio,44185
741,Yabox,5 Maple Wood Terrace,Wichita,Kansas,67205
742,Rhybox,3853 Forster Lane,Peoria,Arizona,85383
743,Brainlounge,61 Sutteridge Point,Bonita Springs,Florida,34135
744,Ozu,41593 Jenifer Road,Charlotte,North Carolina,28235
745,Kwimbee,4355 Pawling Crossing,Jacksonville,Florida,32236
746,Twinte,359 Stuart Street,Washington,District of Columbia,20414
747,Mybuzz,0260 Kings Center,Jackson,Mississippi,39216
748,Voonyx,89 Sachtjen Alley,Omaha,Nebraska,68134
749,Quinu,0 Hazelcrest Junction,Scranton,Pennsylvania,18505
750,Camimbo,42025 Darwin Road,Jacksonville,Florida,32204
751,Trudoo,8673 Corry Plaza,Indianapolis,Indiana,46226
752,Ntags,3 Northridge Center,Saint Louis,Missouri,63126
753,Twiyo,18 Warrior Junction,Buffalo,New York,14220
754,Skiptube,094 Mcguire Plaza,Elizabeth,New Jersey,7208
755,Photospace,86 Colorado Road,Omaha,Nebraska,68117
756,Topicblab,70 Macpherson Point,Beaufort,South Carolina,29905
757,Aimbu,6196 Randy Plaza,Louisville,Kentucky,40225
758,Latz,00355 Golden Leaf Court,Fresno,California,93740
759,Linkbridge,54490 Chinook Court,Dallas,Texas,75216
760,Thoughtworks,8133 Menomonie Alley,Miami,Florida,33164
761,Jabbercube,18 Chive Road,Henderson,Nevada,89012
762,Trudoo,0 Mesta Plaza,Topeka,Kansas,66642
763,Realcube,3451 Northland Parkway,Waterloo,Iowa,50706
764,Skalith,37 Lotheville Center,New York City,New York,10160
765,Yakitri,78754 Spenser Hill,Raleigh,North Carolina,27658
766,Rhynyx,03325 Daystar Alley,Columbus,Ohio,43210
767,Twitterworks,35 Columbus Street,Houston,Texas,77065
768,Gigabox,53 Alpine Circle,Las Vegas,Nevada,89140
769,Zoombox,35613 Grim Avenue,New York City,New York,10292
770,Jamia,666 Onsgard Road,Ashburn,Virginia,22093
771,Devcast,2097 Pepper Wood Plaza,Washington,District of Columbia,20520
772,Twitternation,57 Chive Junction,Rochester,New York,14604
773,Skimia,33 Grayhawk Plaza,San Antonio,Texas,78205
774,Blogpad,132 School Road,Evansville,Indiana,47705
775,Snaptags,023 Mosinee Alley,Schaumburg,Illinois,60193
776,Innojam,3 Namekagon Park,Minneapolis,Minnesota,55412
777,Riffwire,71 Welch Point,Salt Lake City,Utah,84170
778,Omba,14092 Susan Place,Saint Louis,Missouri,63196
779,Geba,2186 Bluestem Alley,Mobile,Alabama,36605
780,Kwideo,1466 Butterfield Crossing,New Orleans,Louisiana,70160
781,Youspan,835 Vidon Parkway,Memphis,Tennessee,38119
782,Wordtune,42060 Kipling Road,Washington,District of Columbia,20067
783,Brainbox,4 Basil Park,Scranton,Pennsylvania,18505
784,Thoughtstorm,02 American Ash Avenue,Houston,Texas,77266
785,Dabjam,6904 Scofield Avenue,Lubbock,Texas,79491
786,Vitz,58523 Loftsgordon Plaza,Newark,New Jersey,7112
787,Kimia,6 Carberry Park,Madison,Wisconsin,53785
788,Edgeclub,5655 Bay Junction,Memphis,Tennessee,38119
789,Twimm,6 Morrow Center,Hartford,Connecticut,6183
790,Kanoodle,34712 Lyons Terrace,Lakewood,Washington,98498
791,Topicblab,179 Superior Alley,Bradenton,Florida,34205
792,Yamia,60026 Cascade Pass,Minneapolis,Minnesota,55423
793,Yakitri,86468 Forster Road,Washington,District of Columbia,20397
794,Yakidoo,59018 Forest Dale Terrace,Fort Lauderdale,Florida,33310
795,Riffpath,06 Ronald Regan Avenue,Fort Wayne,Indiana,46825
796,Eire,3770 Mallory Parkway,Columbus,Mississippi,39705
797,Devpulse,21 Tomscot Parkway,Morgantown,West Virginia,26505
798,Riffpath,9730 Sauthoff Street,Pocatello,Idaho,83206
799,Babbleblab,5 Tennessee Avenue,Scottsdale,Arizona,85271
800,Thoughtworks,54359 Elka Lane,Pittsburgh,Pennsylvania,15286
801,Eamia,2 Ridge Oak Center,Washington,District of Columbia,20580
802,Jabbertype,0662 Northridge Hill,Biloxi,Mississippi,39534
803,Zazio,88 Laurel Court,Atlanta,Georgia,30343
804,Skibox,272 Golf Drive,Madison,Wisconsin,53790
805,Podcat,1756 Eastlawn Court,Augusta,Georgia,30911
806,Nlounge,281 Sunbrook Place,Fullerton,California,92640
807,Topicstorm,73 Nobel Center,Los Angeles,California,90087
808,Yodel,8 Melrose Junction,Saint Louis,Missouri,63136
809,Skivee,412 American Pass,Fresno,California,93740
810,Trudoo,95617 Maryland Terrace,Tyler,Texas,75799
811,Realcube,4 Rutledge Point,Saint Petersburg,Florida,33742
812,Eazzy,98513 Sunbrook Plaza,Miami,Florida,33153
813,Twimbo,72 Service Way,Hyattsville,Maryland,20784
814,Yoveo,5 Meadow Ridge Crossing,Providence,Rhode Island,2905
815,Oloo,01887 Muir Park,Ogden,Utah,84409
816,Skimia,928 Erie Plaza,Tacoma,Washington,98411
817,Chatterpoint,4724 Morningstar Way,Evansville,Indiana,47747
818,Trilia,51632 Mandrake Lane,Alexandria,Virginia,22313
819,Kazio,86 Milwaukee Crossing,Chesapeake,Virginia,23324
820,Edgetag,49 Loftsgordon Road,Oklahoma City,Oklahoma,73135
821,Meedoo,0264 Moose Junction,Portland,Oregon,97211
822,Babbleset,216 Del Sol Junction,New York City,New York,10270
823,Cogibox,70 Forster Plaza,Chattanooga,Tennessee,37405
824,Plambee,80689 Meadow Ridge Court,Jackson,Mississippi,39210
825,Janyx,44 Debra Crossing,Pensacola,Florida,32511
826,Kare,54759 Lukken Parkway,Rochester,New York,14609
827,Skinix,2628 Nevada Way,New York City,New York,10150
828,Mydeo,9131 Bowman Circle,Los Angeles,California,90005
829,Leenti,9538 Larry Court,El Paso,Texas,79916
830,Tekfly,7118 Bultman Hill,Prescott,Arizona,86305
831,Linklinks,58735 Tomscot Court,Charlotte,North Carolina,28284
832,Topiczoom,99 Center Point,Pittsburgh,Pennsylvania,15235
833,Brightbean,880 West Road,Huntington,West Virginia,25770
834,Vinte,6395 Packers Plaza,Iowa City,Iowa,52245
835,Shufflebeat,637 Chinook Terrace,New York City,New York,10045
836,Twitterwire,35 Starling Point,Tampa,Florida,33625
837,Kare,21663 Nobel Street,Boston,Massachusetts,2119
838,Edgeblab,181 Scott Avenue,Washington,District of Columbia,20337
839,Fatz,4875 Lawn Avenue,Harrisburg,Pennsylvania,17105
840,Twitterworks,56807 Ruskin Plaza,San Antonio,Texas,78210
841,Edgeify,9 Debs Hill,Orange,California,92867
842,Twitterbeat,5612 Hansons Alley,Wilmington,Delaware,19810
843,Oodoo,01 Duke Avenue,Grand Rapids,Michigan,49510
844,Dynazzy,38 Fremont Plaza,El Paso,Texas,79955
845,Trilith,4823 Lawn Lane,Bryan,Texas,77806
846,Ailane,7 West Point,Minneapolis,Minnesota,55480
847,Talane,1455 Ramsey Pass,Dallas,Texas,75216
848,Brainsphere,2 Thompson Plaza,Orlando,Florida,32830
849,Aivee,795 Debs Trail,Toledo,Ohio,43610
850,Realmix,81 Pierstorff Way,New York City,New York,10105
851,Kanoodle,73 Artisan Terrace,Norfolk,Virginia,23514
852,Mydo,2 Hazelcrest Hill,Pensacola,Florida,32526
853,Leenti,6 American Ash Center,Chicago,Illinois,60686
854,Ailane,1784 Westridge Terrace,Birmingham,Alabama,35205
855,Gabtune,50912 Anhalt Trail,El Paso,Texas,88514
856,Meetz,035 Eagan Point,Shawnee Mission,Kansas,66205
857,Skyndu,54017 Fordem Avenue,Wichita Falls,Texas,76305
858,Meezzy,973 Delladonna Drive,Spokane,Washington,99220
859,Mudo,29 Hanson Center,Salt Lake City,Utah,84199
860,Skivee,67564 Schurz Pass,Washington,District of Columbia,20470
861,Jazzy,316 Delladonna Plaza,San Jose,California,95155
862,Jaxnation,97780 Schlimgen Point,Knoxville,Tennessee,37919
863,Quinu,2902 Crownhardt Plaza,Dallas,Texas,75387
864,Divanoodle,681 Roth Hill,Mesa,Arizona,85210
865,Twimbo,9748 International Pass,Erie,Pennsylvania,16565
866,Leexo,1 Miller Crossing,Fresno,California,93762
867,Zoonder,36991 Sloan Pass,El Paso,Texas,88535
868,Oozz,31646 Iowa Park,Los Angeles,California,90094
869,Oyonder,69184 Vidon Place,Joliet,Illinois,60435
870,Thoughtblab,04 Del Sol Junction,New Orleans,Louisiana,70154
871,Twitterworks,9430 Warner Park,Trenton,New Jersey,8619
872,Browseblab,4 Fair Oaks Circle,Columbia,South Carolina,29208
873,Eabox,223 Vera Plaza,Akron,Ohio,44305
874,Tavu,87 Spohn Trail,Charlotte,North Carolina,28278
875,Kwinu,26 Caliangt Circle,Memphis,Tennessee,38131
876,Nlounge,9 Mcbride Court,Atlanta,Georgia,30356
877,Livetube,3372 Main Plaza,Honolulu,Hawaii,96825
878,Roombo,29 Lien Center,Mobile,Alabama,36628
879,Trupe,45 American Ash Point,Washington,District of Columbia,20540
880,Muxo,351 Lukken Place,Washington,District of Columbia,20099
881,Zoovu,1 Goodland Drive,Louisville,Kentucky,40225
882,Devshare,0 Raven Avenue,Omaha,Nebraska,68124
883,Skyvu,173 Springs Junction,Lincoln,Nebraska,68517
884,Voomm,04 Loftsgordon Park,Dallas,Texas,75379
885,Thoughtblab,75713 Wayridge Hill,Roanoke,Virginia,24034
886,Vidoo,17038 Spenser Crossing,Minneapolis,Minnesota,55480
887,Jetpulse,31 Killdeer Way,Washington,District of Columbia,20337
888,Cogibox,7 Linden Drive,Kansas City,Missouri,64199
889,Thoughtmix,39667 Doe Crossing Plaza,Houston,Texas,77050
890,Wikivu,60 Lotheville Hill,Evansville,Indiana,47747
891,Brainverse,4314 Meadow Vale Parkway,Fairfield,Connecticut,6825
892,InnoZ,7695 Waxwing Plaza,Oklahoma City,Oklahoma,73179
893,Realcube,64 Portage Avenue,Knoxville,Tennessee,37939
894,Yodel,700 Fairfield Plaza,Albany,New York,12242
895,Divavu,18969 Alpine Street,Houston,Texas,77299
896,Skynoodle,43067 Esker Crossing,Madison,Wisconsin,53705
897,Blogpad,073 Garrison Pass,Farmington,Michigan,48335
898,Babbleblab,2327 Haas Plaza,Silver Spring,Maryland,20918
899,Realbridge,80174 Hermina Street,Fort Worth,Texas,76178
900,Brainbox,17780 Hagan Trail,Waterloo,Iowa,50706
901,Divape,8980 Holy Cross Lane,Ann Arbor,Michigan,48107
902,Babbleblab,670 Dexter Lane,Fort Lauderdale,Florida,33345
903,Vidoo,10 Beilfuss Pass,Greensboro,North Carolina,27415
904,Topdrive,78461 Summerview Way,Baltimore,Maryland,21229
905,Wordify,05920 Gale Road,Scottsdale,Arizona,85260
906,Wordtune,33 Browning Trail,Topeka,Kansas,66667
907,Rhyloo,87033 Carpenter Park,Sacramento,California,95828
908,Plambee,9 Johnson Hill,Orlando,Florida,32835
909,Kayveo,804 Park Meadow Center,San Antonio,Texas,78210
910,Meejo,0928 Sugar Drive,Lubbock,Texas,79415
911,Meejo,6580 Brentwood Avenue,Salinas,California,93907
912,Wordware,7 Golf Lane,Madison,Wisconsin,53716
913,Edgeblab,67896 Barby Trail,Washington,District of Columbia,20436
914,Feedbug,4329 Morning Circle,Trenton,New Jersey,8603
915,Bubblebox,71 Glacier Hill Lane,Miami,Florida,33169
916,Mita,42585 Moose Drive,Minneapolis,Minnesota,55448
917,Thoughtbridge,0 Melody Road,San Jose,California,95150
918,Buzzbean,0 Hansons Center,New York City,New York,10105
919,Aimbo,45861 Schlimgen Center,Indianapolis,Indiana,46226
920,Oyondu,45 Thierer Crossing,Chicago,Illinois,60681
921,Twitterwire,2896 Clemons Junction,Lincoln,Nebraska,68583
922,Mycat,9 Valley Edge Parkway,Gastonia,North Carolina,28055
923,Trunyx,9565 Forster Place,San Antonio,Texas,78235
924,Dabjam,648 Fisk Drive,Pittsburgh,Pennsylvania,15279
925,Layo,7129 Sunbrook Center,Fort Lauderdale,Florida,33355
926,Innotype,4914 Anzinger Lane,Carlsbad,California,92013
927,Brainverse,38 North Junction,Akron,Ohio,44321
928,Babblestorm,9 Village Park,Cleveland,Ohio,44118
929,Centimia,0492 Comanche Park,Albany,New York,12242
930,Wordify,29080 Corben Plaza,Springfield,Illinois,62756
931,Flashdog,7907 Drewry Junction,Lawrenceville,Georgia,30245
932,Meeveo,809 Upham Pass,Terre Haute,Indiana,47812
933,Tanoodle,7 Drewry Place,Long Beach,California,90810
934,Flashset,38471 Eastlawn Park,Jamaica,New York,11470
935,Bubblebox,871 Green Ridge Plaza,Miami,Florida,33124
936,Jaxspan,8 Stephen Hill,Washington,District of Columbia,20215
937,Lazz,84 Killdeer Lane,Colorado Springs,Colorado,80910
938,Yambee,36134 Harper Pass,Fort Worth,Texas,76121
939,Gigabox,56757 Acker Trail,Sterling,Virginia,20167
940,Twitterbeat,2886 Sachtjen Parkway,Dallas,Texas,75367
941,Innotype,8334 Parkside Point,Minneapolis,Minnesota,55487
942,Divanoodle,18997 Fisk Hill,Albuquerque,New Mexico,87180
943,Bluejam,2 Rockefeller Place,San Diego,California,92191
944,Zazio,96 Messerschmidt Terrace,Erie,Pennsylvania,16510
945,Voonder,868 Union Road,Chicago,Illinois,60641
946,Devbug,3961 Waxwing Alley,Melbourne,Florida,32919
947,Minyx,3630 2nd Circle,Raleigh,North Carolina,27610
948,InnoZ,8 Cody Hill,Louisville,Kentucky,40298
949,Einti,632 Nova Hill,Anchorage,Alaska,99517
950,Twiyo,73362 Lake View Lane,Tallahassee,Florida,32399
951,Ooba,9664 Ryan Plaza,Beaufort,South Carolina,29905
952,Gigabox,8299 Hansons Crossing,Denver,Colorado,80291
953,Realbuzz,42 Jay Trail,Albuquerque,New Mexico,87140
954,Centimia,34394 8th Street,Fort Wayne,Indiana,46862
955,Feedbug,347 Graceland Alley,Meridian,Mississippi,39305
956,Yotz,36772 Fisk Place,Evansville,Indiana,47719
957,Teklist,21 Cordelia Parkway,El Paso,Texas,88569
958,Pixope,644 Arizona Hill,Athens,Georgia,30610
959,Jaxbean,04681 Memorial Plaza,El Paso,Texas,79950
960,Zoozzy,4418 Surrey Avenue,Orlando,Florida,32803
961,Gabspot,7786 Dottie Lane,Boston,Massachusetts,2104
962,Oozz,4 Corry Circle,Dallas,Texas,75231
963,Thoughtmix,95686 Fisk Pass,Amarillo,Texas,79105
964,Gigashots,0 Jenna Place,Washington,District of Columbia,20397
965,Skipfire,68 Merry Way,Philadelphia,Pennsylvania,19125
966,Yadel,29226 Helena Lane,San Diego,California,92127
967,Thoughtstorm,189 American Hill,Houston,Texas,77085
968,Voonyx,719 Kings Place,Washington,District of Columbia,20260
969,Ozu,99633 Everett Court,Washington,District of Columbia,20436
970,Tazz,54 Brickson Park Plaza,Atlanta,Georgia,30386
971,Roomm,1272 John Wall Pass,Portsmouth,New Hampshire,3804
972,Abatz,4 Golf Avenue,Des Moines,Iowa,50315
973,Brainlounge,4047 Pepper Wood Terrace,Washington,District of Columbia,20268
974,Rooxo,380 Corry Court,Roanoke,Virginia,24024
975,Rhyzio,4 Loomis Street,Virginia Beach,Virginia,23454
976,Voonte,4299 Village Green Center,Racine,Wisconsin,53405
977,Mydeo,254 Waywood Circle,Valdosta,Georgia,31605
978,Quimm,60212 Elgar Crossing,Birmingham,Alabama,35242
979,Livefish,8793 Becker Junction,Saint Paul,Minnesota,55146
980,Avamm,4 Onsgard Avenue,Chicago,Illinois,60691
981,Oyondu,380 Red Cloud Lane,Pittsburgh,Pennsylvania,15255
982,Camido,3 Welch Hill,Greensboro,North Carolina,27409
983,Quimba,23448 Farragut Crossing,Los Angeles,California,90005
984,Skilith,7 Bartelt Hill,Boston,Massachusetts,2114
985,Photobean,4176 Hooker Drive,Fairbanks,Alaska,99709
986,Topdrive,376 Larry Circle,Oklahoma City,Oklahoma,73135
987,Thoughtsphere,412 Golf Point,Lakeland,Florida,33811
988,Roombo,5 Twin Pines Way,New York City,New York,10249
989,Yambee,2 Waxwing Trail,Sunnyvale,California,94089
990,Dynabox,1 Drewry Center,Salt Lake City,Utah,84199
991,Jabberstorm,469 Sunnyside Parkway,Houston,Texas,77234
992,Pixonyx,156 Upham Court,Galveston,Texas,77554
993,Jetwire,6421 Heffernan Park,Trenton,New Jersey,8650
994,Wikivu,7 Arapahoe Court,Wilkes Barre,Pennsylvania,18706
995,Muxo,6 Bellgrove Trail,Pensacola,Florida,32575
996,Eadel,734 Northfield Road,Pittsburgh,Pennsylvania,15266
997,LiveZ,5 Main Crossing,Rochester,New York,14639
998,Quinu,2 7th Avenue,Seattle,Washington,98166
999,Edgepulse,70 Golf Hill,Los Angeles,California,90060
1000,Jabbersphere,77462 Mayfield Road,Los Angeles,California,90076
