1,Erl,Island
2,Fairleigh,Durbin
3,Jackqueline,Buckland
4,Jesus,Ulster
5,Ernst,Kidner
6,Con,Mablestone
7,Wilbur,Ingraham
8,Wiatt,Morrissey
9,Vinni,Molohan
10,Levey,Duggen
11,Patrica,Cogan
12,Vina,Tant
13,Nonah,Ricson
14,Eric,Ostridge
15,Terra,Crimp
16,Collete,Isenor
17,Archy,Petruk
18,Hadleigh,Beadel
19,Ross,Shimmin
20,Arlee,Storms
21,Rhea,MacKeller
22,Tobye,Saintsbury
23,Francyne,Kwiek
24,Gauthier,Keyho
25,Ardith,Tesimon
26,Rab,Baskerfield
27,Any,Galle
28,Beatrisa,Forbes
29,Kaylil,McMakin
30,Nels,Jerrold
31,Rosco,Parkhouse
32,Powell,Bye
33,Lynn,Ramstead
34,Adina,Goracci
35,Lea,Orrick
36,Barbara,Etherington
37,Blair,Dalzell
38,Terri,Satterly
39,Abner,Broggelli
40,Renelle,Chartres
41,Consolata,Graal
42,Ingamar,Esland
43,Katlin,Youd
44,Florri,Kelleher
45,Gustavo,Luscott
46,Coop,Christophers
47,Kally,Kisbee
48,Fremont,McRinn
49,Adena,Brounsell
50,Elinor,Bogace
51,Jacquelynn,Ricco
52,Trev,Twydell
53,Margaux,Boutellier
54,Allissa,Kemmet
55,Hugh,Blakeley
56,Drud,Holdforth
57,Oriana,Cressar
58,Cortie,Bowick
59,Kathlin,Paunton
60,Bat,Cranefield
61,Sigrid,Georgelin
62,Ettie,Wilsher
63,Ezekiel,Saylor
64,Gisele,Edlestone
65,Geneva,MacCrosson
66,Roxi,Nesterov
67,Kerstin,Sterry
68,Lexy,Fawdry
69,Thurstan,Petrowsky
70,Torre,Ivanikhin
71,Derron,Thonason
72,Charlot,Kimmince
73,Guntar,Wyant
74,Barclay,Osmar
75,Marina,Spinelli
76,Anallese,Anderbrugge
77,Chet,Sycamore
78,Rosemonde,Paradyce
79,Trudi,Bownes
80,Ruthann,Pidcock
81,Fitz,Strowger
82,Beth,Joicey
83,Agosto,Sare
84,Vlad,Guiel
85,Auria,Humbie
86,Walker,Romain
87,Elston,Dalligan
88,Morry,Posten
89,Zena,Stilgoe
90,Fields,Golightly
91,Trace,Crucetti
92,Perle,Bahl
93,Nissy,Deveril
94,Drucie,Challender
95,Netta,Brimham
96,Wendie,Dallimare
97,Glyn,Medforth
98,Galvin,Jacobson
99,Ches,Mingasson
100,Jeanelle,Mendus
101,Raffarty,Fylan
102,Wilfrid,Edeler
103,Binnie,Swalough
104,Issiah,Mell
105,Valeda,Hedingham
106,Eula,Wiggall
107,Eugene,Trevaskiss
108,Lawry,Pickering
109,Fonsie,Diano
110,Latrina,Soutar
111,Madelina,Luke
112,Uri,Bankhurst
113,Alisun,Jimes
114,Tannie,Bullivent
115,Andras,Dunseath
116,Sindee,Cready
117,Gennie,Rutherford
118,Jessy,Elsmere
119,Wildon,Broadwell
120,Wald,Farrears
121,Brock,Midford
122,Gradey,Chadwin
123,Mallissa,Danett
124,Teador,Cuncarr
125,Clevie,Bothie
126,Felicity,Chasmar
127,Amara,Alibone
128,Charlean,Videan
129,Sully,Torrie
130,Yul,Sidnell
131,David,Duke
132,Dolph,Mucillo
133,Nanine,Ceillier
134,Mellie,Yakobowitch
135,Anastasia,Schild
136,Esmeralda,Rosenfeld
137,Brandais,Elcome
138,Saul,Dalligan
139,Vivyan,Northley
140,Cassey,Munby
141,Rosaleen,Densumbe
142,Ottilie,Teligin
143,Merridie,Tomasian
144,Cletis,Jerrand
145,Franni,Haggie
146,Kendal,Bardsley
147,Howie,Budibent
148,Axel,Weich
149,Ellery,Goldis
150,Annelise,Levesque
151,Bettye,Bowland
152,Whitaker,Clarkin
153,Eve,Skylett
154,Cody,Stonner
155,Ginevra,Sings
156,Leora,Lavis
157,Elnar,Judd
158,Beverley,Witherup
159,Merna,Grimstead
160,Geoffrey,Solon
161,Raymond,McGibbon
162,Cherie,Pickhaver
163,Rickie,Flippelli
164,Vaughn,Breitling
165,Caz,Preddle
166,Henrieta,Maggorini
167,Sawyere,De-Ville
168,Adel,Fleetham
169,Marty,Brandon
170,Bernadina,McAvey
171,Reid,Lutsch
172,Marne,Fanner
173,Kaleena,Imison
174,Salvatore,Snowden
175,Fabe,Vasler
176,Alberta,Currer
177,Kilian,Farrant
178,Otes,Campbell
179,Ricki,Kauschke
180,Angeline,Paff
181,Eric,Dullard
182,Innis,Revie
183,Megan,Root
184,Elvira,Colson
185,Krista,Genn
186,Dacey,D'Ambrogi
187,Glen,Salan
188,Caprice,Scone
189,Merrill,Kingzeth
190,Leisha,Hawkwood
191,Ivie,Tomsett
192,Fania,Biggen
193,Davine,Sallnow
194,Mikael,Calterone
195,Ingmar,Glazzard
196,Archibaldo,Coope
197,Julianna,Jankin
198,Doralin,Mills
199,Elsy,Hebbs
200,Lynde,McGeechan
201,Lotta,Gilsthorpe
202,Samara,Juliff
203,Minnnie,Housley
204,Weider,Leipoldt
205,Gan,Simione
206,Rodger,Jacobsz
207,Gay,Course
208,Shep,Clelland
209,Adam,Beynon
210,Debora,Filipputti
211,Jeff,Wannell
212,Conant,Kobiela
213,Gwendolen,McCrainor
214,Kellia,Wycliff
215,Darrell,Camillo
216,Catherine,Baynam
217,Darrel,Summerfield
218,Fina,Milberry
219,Natividad,Le Provost
220,Susanne,McKinnon
221,Heall,Ozanne
222,Lemuel,Ashurst
223,Stanley,McAneny
224,Aleta,Nassy
225,Mikol,Gerault
226,Tanya,Selby
227,Peta,Heart
228,Carlyn,Kamall
229,Camilla,O'Shiel
230,Zonda,Sarjant
231,Dora,Bainbrigge
232,Franz,Parslow
233,Karil,Durrad
234,Gerry,Bettaney
235,Walliw,O'Drought
236,Helaine,Blick
237,Merry,Dillintone
238,Burtie,Howis
239,Ange,Goroni
240,Martie,Hedden
241,Emlyn,Bidder
242,Tami,de Verson
243,Constantine,Masding
244,Fielding,Mattussevich
245,Clarence,Illston
246,Norah,Carvell
247,Drud,Stancliffe
248,Bevan,McCunn
249,Kirbie,Tuckett
250,Dulcea,Barthelemy
251,Tracey,Schumacher
252,Codie,Copins
253,Franny,Edmonson
254,Angele,Oger
255,Almeria,Popland
256,Lyndell,Naish
257,Elmore,Laurenceau
258,Mary,Reford
259,Anjela,Lieb
260,Lorne,Neild
261,Alyda,Reimers
262,Rodina,Smeal
263,Alfie,Polet
264,Kiersten,Marder
265,Rivy,Ely
266,Gregorio,Sherwood
267,Ware,Dennitts
268,Ashley,Waplington
269,Berti,Lakes
270,Dorian,Mussared
271,Theodosia,MacDonough
272,Erich,Pounsett
273,Michale,Bilston
274,Udale,Sidon
275,Pasquale,MacCurley
276,Jacinta,Tolfrey
277,Caroline,Kearns
278,Allin,Sibthorp
279,Inesita,Janout
280,Giovanni,Vickarman
281,Garner,Connop
282,Wendeline,Feldhuhn
283,Kathrine,Carp
284,Trefor,Terram
285,Janessa,Tofano
286,Noach,Brent
287,Rose,Bolles
288,Saundra,Innott
289,Tymothy,Stobbe
290,Terese,Benez
291,Charlton,Dixsee
292,Theo,Allnutt
293,Eric,Moreing
294,Andrea,Danilovich
295,Henka,Madison
296,Junie,Duigan
297,Phaidra,Primmer
298,Sonny,Sultan
299,Osborn,Cremer
300,Peria,Keune
301,Denver,Barry
302,Kelsey,Tyer
303,Russ,Keuning
304,Jillene,Keighley
305,Ede,Dyke
306,Mariam,Wellstood
307,Clifford,McTrustrie
308,Dimitri,Fridaye
309,Caron,Hartropp
310,Kleon,Treherne
311,Sherill,Vasyunkin
312,Baily,Weagener
313,Thedrick,Bruinemann
314,Johnath,Sobieski
315,Hollyanne,Packe
316,Jilly,Skerme
317,Mitchell,Hardesty
318,Herminia,Stoakes
319,Craggie,Riddlesden
320,Schuyler,Skoate
321,Layton,Deme
322,Cassie,Skarr
323,Arnie,Fiddler
324,Tom,Lanfere
325,Theresina,Martineau
326,Willabella,Watling
327,Ali,Marikhin
328,Walker,Cluitt
329,Chrisy,Mehmet
330,Ree,Eckersall
331,Lula,Sindle
332,Aeriell,Hinrich
333,Waly,Tapper
334,Niven,Skone
335,Henrik,McIsaac
336,Ginger,Motte
337,Becki,Conan
338,Brittne,Grigoliis
339,Anatollo,Lodder
340,Eleonore,Dymidowski
341,Eirena,Tadman
342,Garland,Biles
343,Heall,Laux
344,Roger,Sephton
345,Eleni,Blare
346,Skye,Gainsborough
347,Anders,Larner
348,Shay,Bastin
349,Hinze,Duchesne
350,Fredericka,Redwin
351,Alaric,Pyser
352,Stephana,Osinin
353,Eda,Edyson
354,Baillie,Fenemore
355,Johnath,Mallison
356,Olin,Wadley
357,Annabal,Topham
358,Maribelle,Baake
359,Annetta,Myhill
360,Kerry,Scrancher
361,Patty,Mawditt
362,Orton,Rintoul
363,Claiborn,MacCall
364,Buckie,Lismore
365,Lindsay,Renad
366,Walden,Ferriere
367,Marianna,Piatto
368,Cello,Ashlin
369,Korey,Lalonde
370,Merrile,Very
371,Patricia,Welden
372,Kerr,Sill
373,Adara,Birth
374,Gwyneth,Aristide
375,Walden,Paxforde
376,Gloriane,Helliwell
377,Julina,Lorent
378,Jasmina,Spaven
379,Jordon,Arundel
380,Bart,Cookney
381,Dulsea,Dews
382,Nap,Todarello
383,Jerrold,Dronsfield
384,Eileen,Blaney
385,Nilson,Huertas
386,Gerri,Gillani
387,Darb,Giffaut
388,Robina,Silkstone
389,Eldin,Castelyn
390,Rica,Whitticks
391,Lothaire,Palle
392,Wait,Sperling
393,Allianora,Dabrowski
394,Justine,Kohter
395,Tracy,Netley
396,Roderich,Pankethman
397,Bert,Gabbat
398,Sheba,Smorthit
399,Tressa,Reinhardt
400,Addia,Simonot
401,Leda,Grainge
402,Sibeal,Garstang
403,Giacobo,Biddles
404,Lance,McNiff
405,Yank,Grattage
406,Arnaldo,Morch
407,Nick,Blundon
408,Gilles,Brosenius
409,Hasty,Wyse
410,Felisha,Hryniewicki
411,Joseito,Tuppeny
412,Ami,Meaker
413,Ketty,Schimann
414,Granville,Stebbings
415,Dennie,Klement
416,Heda,Sans
417,Roi,D'Abbot-Doyle
418,Dante,Luck
419,Bond,Mustin
420,Leon,Laurant
421,Constantin,Brownscombe
422,Elberta,Gorrissen
423,Jaquelyn,de Guise
424,Webb,Ricards
425,Augusto,Littlefair
426,Edith,Sidebotton
427,Alasteir,Wreight
428,Winfield,Pywell
429,Kennett,Swayne
430,Ranice,Gudyer
431,Aloysia,Raiston
432,Aymer,Carvill
433,Ginevra,Agar
434,Adelbert,Lindenbluth
435,Melantha,Ben
436,Octavia,Tregenna
437,Veronika,Santoro
438,Eda,Hendricks
439,Letitia,Shiers
440,Denna,Anfossi
441,Kessiah,Phelipeau
442,Maryl,Bavage
443,Isak,Clappson
444,Maynord,Priestnall
445,Pascale,Chucks
446,Angelita,Simanek
447,Bunnie,Manwaring
448,Carly,Goburn
449,Dewie,Bray
450,Fancie,Gadeaux
451,Chalmers,Dorton
452,Barnabe,Debold
453,Brockie,Kearey
454,Theressa,McHarry
455,Alexio,Fuller
456,Edlin,Swinnerton
457,Scarlet,Farenden
458,Ezra,Lothean
459,Loella,O'Scandall
460,Leland,Dotson
461,Bevan,Wilbor
462,Terri,McDougald
463,Helyn,Ambrosio
464,Bernadene,Thick
465,Edie,Toulmin
466,Dallon,McDermid
467,Elana,Kerkham
468,Sally,La Croce
469,Lottie,Peskett
470,Ulrick,Ianiello
471,Baryram,Heineke
472,Ulric,Estrella
473,Nissy,O'Monahan
474,Vernon,Algar
475,Eudora,Doughton
476,Arte,Bennis
477,Bobina,de Chastelain
478,Nick,Bygreaves
479,Simona,Pasquale
480,Malory,Rymer
481,Kaitlynn,Rosoni
482,Felicio,Davydoch
483,Cherye,Poag
484,Dalila,Collumbell
485,Alvie,Binton
486,Elwyn,Oakenford
487,Maury,Sharphouse
488,Sherwin,Mounter
489,Joly,Gogarty
490,Babita,White
491,Joseito,Briggs
492,Sharon,Connew
493,Kordula,Runciman
494,Ronnie,Streatfeild
495,Truda,Sleicht
496,Jolynn,Stiffell
497,Carlos,Mackiewicz
498,Garfield,Mingauld
499,Silvana,McAster
500,Candida,Jodlkowski
501,Vivyan,Aland
502,Mandi,Gauler
503,Alison,Chaundy
504,Garrik,Ruoff
505,Agatha,Adanez
506,Marshall,Atley
507,Benedicto,Melly
508,Wang,Bennoe
509,Iain,Eason
510,Chery,Royans
511,Cornie,Pasterfield
512,Willy,Noorwood
513,Ilaire,Speeding
514,Marissa,Elflain
515,Irene,Gwyer
516,Bruce,Rotlauf
517,Ole,Puddefoot
518,Dolores,Whitcomb
519,Garrett,Urridge
520,Eadmund,Bakster
521,Andreana,McNay
522,Almire,Robelow
523,Addie,Schwerin
524,Carmela,Kimpton
525,Fredelia,Maruszewski
526,Johannes,Woofendell
527,Nadiya,Berkery
528,Inglis,McGurgan
529,Liuka,Rizzotto
530,Filmore,Assel
531,Evaleen,Weyman
532,Rowen,Peasgood
533,Ivett,Deary
534,Laurie,Deporte
535,Nomi,Smale
536,Kristen,Bakhrushin
537,Claudetta,Diack
538,Nealon,De Laci
539,Benedick,Wilshere
540,Elsbeth,Ragg
541,Free,Challicum
542,Darb,De Laci
543,Essy,Herley
544,Ynes,Buck
545,Jennica,Juste
546,Modesty,Harvatt
547,Kendrick,Trevett
548,Ginger,Friar
549,Carolin,Bilbey
550,Noni,Andrzej
551,Lay,Luppitt
552,Elnora,Annets
553,Tallie,Millimoe
554,Sonny,Kibard
555,Jen,Blackaller
556,Lester,Foulgham
557,Junina,Firidolfi
558,Boris,Messent
559,Angelica,Bolesworth
560,Albertina,Pursey
561,Malvina,Lavalde
562,Celestyna,Ashtonhurst
563,Jasmin,Cleere
564,Rodina,Drance
565,Olympie,Plover
566,Will,Wickliffe
567,Harrie,Gehringer
568,Amalle,Donwell
569,Armando,Olivazzi
570,Tannie,Remington
571,Harmonie,Overil
572,Devora,Apdell
573,Eustacia,Fieller
574,Dedie,Stucke
575,Virgil,Leyden
576,Edwina,MacKettrick
577,Milty,Hastewell
578,Paddie,Duberry
579,Niccolo,Janzen
580,Ara,Plail
581,Anatola,Reuter
582,Sid,Ashforth
583,Ellwood,Clutheram
584,Oliviero,Tallet
585,Genni,Tollit
586,Chaddie,Seiler
587,Valene,MacLleese
588,Mead,Lathy
589,Augusto,Fullilove
590,Tadd,Occleshaw
591,Sonnnie,Struther
592,Martyn,Fucher
593,Justinn,Duncombe
594,Griffie,Rainon
595,Sally,Balden
596,Kristen,Yepiskov
597,Lorne,Setford
598,Davy,Leddy
599,Fanny,Galvin
600,Trip,Saile
601,Emmalee,Cribbott
602,Maura,Marre
603,Kerstin,Gilbertson
604,Sindee,Wickersley
605,Mag,Aylett
606,Marchelle,Durram
607,Cindra,Feye
608,Cloris,Sumpter
609,Marcy,Speerman
610,Norbert,Demko
611,Talbert,Ertel
612,Cecile,Buxcey
613,Rozalin,Hambribe
614,Tessie,Commins
615,Karel,Finessy
616,Filide,Blanque
617,Kingsley,MacQuarrie
618,Benni,Mearing
619,Kailey,Gergler
620,Michail,Assad
621,Herrick,Collihole
622,Greer,O'Reagan
623,Lodovico,Cleynman
624,Ruthi,Farries
625,Myrlene,Beetles
626,Ceil,Aprahamian
627,Anabelle,Coles
628,Ranee,Gerssam
629,Newton,Fallowes
630,Germaine,Labden
631,Rolfe,Crysell
632,Davita,Durrett
633,Payton,Lampet
634,Barclay,Aronovich
635,Esmeralda,Perrygo
636,Carol,Stobo
637,Benji,Liquorish
638,Eva,Pendre
639,Lianne,Robardet
640,Siegfried,Van der Beek
641,Hayley,Baldrick
642,Suzie,Ruslinge
643,Ricki,Hardware
644,Clari,Carlsen
645,Cristi,Zukierman
646,Diena,Le Estut
647,Nefen,Petraitis
648,Grazia,Knoller
649,Benedikt,Joice
650,Kenon,Huston
651,Vivi,Woodlands
652,Rosanne,Paice
653,Arney,Malletratt
654,Everard,Vango
655,Merissa,Geist
656,Adrea,Kohter
657,Sabrina,Hartgill
658,Devland,Smallthwaite
659,Ashbey,Cholomin
660,Charlean,Grandisson
661,Erminia,Wathall
662,Reamonn,Bremen
663,Erl,Burgan
664,Laughton,Mattsson
665,Xavier,Munkley
666,Dorey,Ledgerton
667,Jo-anne,Loeber
668,Thayne,Pummell
669,Griselda,Gergus
670,Hugo,Philip
671,Garwood,Wiffield
672,Yuri,Corradi
673,Dorrie,Hyde
674,Eleanora,Merriment
675,Marsiella,Fishe
676,Davey,Bedson
677,Merilee,Torresi
678,Davidson,McKearnen
679,Ramsey,MacRitchie
680,Amberly,Brenston
681,Giselbert,Joriot
682,Charlena,Fern
683,Kenny,Verity
684,Clovis,Gulc
685,Sutherlan,Gooda
686,Leland,Sitwell
687,Ana,Grayshan
688,Zach,Biaggiotti
689,Stanton,Broinlich
690,Pearce,Warrener
691,Lyn,Basso
692,Gerri,Nelle
693,Jeddy,Franceschino
694,Giulietta,Aumerle
695,Roselin,Sambrook
696,Jasper,Giller
697,Carlie,Damerell
698,Tom,Coultard
699,Prudi,Raspel
700,Andris,MacMechan
701,Gwenni,Rodda
702,Cam,Gerson
703,Reinhold,Dubois
704,Roldan,Juster
705,Joceline,Whistlecraft
706,Lorrie,Meneo
707,Stephanie,Latham
708,Gratia,Romeuf
709,Viki,Attarge
710,Zita,Crollman
711,Mischa,Mance
712,Mignonne,Lillo
713,Amity,Connett
714,Nikos,Azam
715,Alic,Howlin
716,Harmon,Weitzel
717,Pamelina,Bachnic
718,Payton,Darlaston
719,Baldwin,Eloy
720,Kiley,Geyton
721,Ephraim,Caskie
722,Boycie,Inston
723,Roobbie,Redman
724,Herbie,Bowerman
725,Jamie,Rivers
726,Bradly,Blaik
727,Dinny,McConnel
728,Leisha,Firebrace
729,Olenolin,Catlin
730,Celine,Dymock
731,Ardella,Gludor
732,Montague,Hilary
733,Iona,Vell
734,Matthew,Ingyon
735,Gibbie,Vellden
736,Hannis,Crissil
737,Brocky,McEwen
738,Salome,Ligerton
739,Noell,Petrie
740,Nathalia,Penketh
741,Wally,Lukianovich
742,Brandtr,Chasmoor
743,Brooke,Kerrich
744,Shane,MacDwyer
745,Tuesday,Card
746,Corbin,Wyson
747,Lois,Farrow
748,Edmon,Domm
749,Chicky,Janku
750,Dee,Hoyes
751,Minny,Coode
752,Layney,Welfair
753,Gasper,Manning
754,Katti,Dulanty
755,Elga,Makepeace
756,Abra,Wilcock
757,Antonin,Bricklebank
758,Reinhold,Kopman
759,Robinet,McTerry
760,Osbert,Bolstridge
761,Thomasina,de Copeman
762,Roxi,Lakenton
763,Mitchael,Vasilov
764,Nalani,Dobrowolny
765,Erl,Hearl
766,Urson,Ingreda
767,Kristi,Kolak
768,Anson,Mc-Kerley
769,Nefen,Corwood
770,Sammie,McShirrie
771,Dena,Fellnee
772,Hewett,Gors
773,Arni,Klass
774,Jenny,Sigfrid
775,Shurwood,Hoggin
776,Jordan,Hadwin
777,Caddric,Pothbury
778,Al,Davidi
779,Donnajean,Richardeau
780,Heath,Ghiron
781,Prentice,Chaffey
782,Husain,O'Heagertie
783,Muffin,Adaway
784,Agnese,Shippard
785,Granger,Towersey
786,Fletcher,Quartley
787,Xymenes,Szabo
788,Riccardo,Mazey
789,Griffie,Spurden
790,Amanda,Message
791,Daffie,Sandeson
792,Daffie,Sarge
793,Nanni,Quadri
794,Bud,Frosch
795,Philly,Clemenzi
796,Melvin,Keast
797,Fred,Farquhar
798,Cass,Custy
799,Lamont,Hulson
800,Linn,Werndly
801,Wylie,Discombe
802,Sharity,Hallatt
803,Karola,Bamling
804,Hephzibah,Stollard
805,Krystyna,Pestricke
806,Thia,Snedker
807,Cesaro,Lorence
808,Deck,Chorley
809,Roshelle,Endon
810,West,McKeaveney
811,Shirlee,Roger
812,Sonja,Eslemont
813,Reba,MacKnockiter
814,Ivan,Challen
815,Ardine,Erb
816,Kiley,Georgel
817,Elwyn,Roelofs
818,Michell,McGuiness
819,Guy,Mulholland
820,Celina,Kellogg
821,Stavros,Cinavas
822,Izak,Marquese
823,Maribel,Gladebeck
824,Cynthea,Mitkov
825,Kassi,Dimbleby
826,Norry,MacPadene
827,Ana,Iacabucci
828,Koressa,Southall
829,Court,Galea
830,Luise,Blooman
831,Henriette,Iacovielli
832,Dolorita,Dormon
833,Gorden,Emptage
834,Ashley,Febvre
835,Godfrey,Alway
836,Connor,Wadie
837,Lorne,Brinkman
838,Roland,Tipperton
839,Syman,Tunkin
840,Frasier,Ziebart
841,Idelle,Forge
842,Vance,Claricoates
843,Evy,Piotrowski
844,Karlens,Lindenstrauss
845,Ruddie,Dewer
846,Stavro,Bente
847,Nessy,Pikett
848,Fielding,Bromley
849,Madelle,Boatwright
850,Edvard,Stollman
851,Hilde,Radish
852,Cad,Sygroves
853,Charlena,Coneron
854,Lannie,Rosevear
855,Brodie,Granville
856,Shela,Stibbs
857,Halli,Mattersey
858,Dmitri,Cullimore
859,Roarke,Burren
860,Tomasina,Parzis
861,Roanna,Dunstan
862,Vale,Slater
863,Helene,Caldes
864,Alica,Durram
865,Salome,Dear
866,Cordie,Fallon
867,Darb,Brimicombe
868,Cristina,Brewis
869,Sigmund,Braine
870,Alasdair,Corr
871,Renie,Peltz
872,Jacintha,Melloi
873,Vanya,Moncreiffe
874,Galvin,Jacketts
875,Rachael,De Roberto
876,Genovera,Hammersley
877,Myrtice,Grimditch
878,Rosella,Leamy
879,Idaline,Blankley
880,Dedie,Baudesson
881,Charmain,Sodory
882,Linus,Marusic
883,Port,MacPake
884,Ermengarde,Orchart
885,Aldon,Froment
886,Bride,Swendell
887,Gigi,Spottswood
888,Gunar,Fanthome
889,Johannes,Limbrick
890,Hanson,D'Almeida
891,Virgie,Simonou
892,Lianna,Cuckoo
893,Percival,Cavan
894,Belva,Doyland
895,Honoria,Lidgertwood
896,Lurline,Tranter
897,Rosaleen,Worden
898,Vonnie,Forber
899,Garrek,Hovard
900,Twyla,Bratt
901,Simone,Zanioletti
902,Al,Veillard
903,Josie,Cornock
904,Jerry,Bessom
905,Deina,Bissett
906,Andreas,Tann
907,Frederick,Colcutt
908,Sharla,Newis
909,Perrine,Ivchenko
910,Tristan,Ianizzi
911,Killian,Murphey
912,Elsi,Brookwood
913,Demetrius,Hewins
914,Sophia,Abarough
915,Hedwig,MacDuffie
916,Angus,Klees
917,Carilyn,Durward
918,Orsa,McTavy
919,Britt,Mower
920,Darb,Tremellier
921,Nathanael,Dagwell
922,Bobbi,Gilkes
923,Blinny,Luker
924,Amie,Sekulla
925,Ode,Darley
926,Clevie,Bowdler
927,Alfonse,Duffer
928,Stephanie,Dumberrill
929,Keely,Shere
930,Adler,Vidyapin
931,Reggis,Escalera
932,Seka,Eivers
933,Gene,Tracy
934,Emilie,Stanesby
935,Merrill,Scales
936,Rowland,Wardesworth
937,Oneida,Murie
938,Giuseppe,Twiggins
939,Nobie,Full
940,Brandy,Harridge
941,Horton,Costanza
942,Conway,Sipson
943,Charlot,Ayce
944,Fernanda,Macieiczyk
945,Connor,Mahaddy
946,Floyd,Flade
947,Matthieu,Kayley
948,Issi,Bucher
949,Kittie,Main
950,Jacky,Baraja
951,Tatiania,Pecht
952,Rozella,Gresser
953,Darryl,Dunning
954,Scarface,Le Breton
955,Ray,Linde
956,Loydie,Pyvis
957,Hannis,Comberbach
958,Correy,Chantillon
959,Ericha,Scarratt
960,Lonnie,Domeney
961,Rosaleen,Maffiotti
962,Bondie,McIver
963,Keven,Probbin
964,Sonnie,Lunny
965,Lelah,Petracek
966,Jean,Lagen
967,Flossie,Gunson
968,Collete,Thandi
969,Merrielle,Leward
970,Eustacia,O'Hallagan
971,Gal,Bagge
972,Norry,Hentze
973,Wilmar,Merryman
974,Augie,Giannazzo
975,Ryon,Glanfield
976,Chicky,Pennick
977,Xaviera,Hegges
978,Byron,Ruckledge
979,Benetta,Wanek
980,Sibylla,Tomei
981,Madelle,Buswell
982,Grover,Kopf
983,Vivienne,Park
984,Hedvig,Bragg
985,Dreddy,Alesi
986,Jacinthe,Pionter
987,Lonna,Giffkins
988,Hughie,Cuolahan
989,Rodrique,Turbat
990,Stanwood,Lurner
991,Jasper,Krojn
992,Gavan,McKeaney
993,Gaye,Balassi
994,Clevie,Garrod
995,Bogey,Gimblett
996,Ade,Devenport
997,Mimi,Mabbutt
998,Niki,Iwanowicz
999,Corey,Lohan
1000,Alika,Mapes
