1,Hallsy,Santoro,9078 Grayhawk Plaza,Zouma,,86-(628)659-6512
2,Lotty,Emeline,38 Butterfield Street,Jinanten,,62-(500)806-6235
3,Jack,Shmyr,7 Roth Place,Bardo,57-256,48-(990)522-5342
4,Buddy,Breese,52 Donald Crossing,Baoshan,,86-(328)783-2048
5,Yorker,Gwyther,10 Riverside Road,Pameungpeuk,,62-(186)655-2182
6,Jami,Bumpas,083 Larry Center,Punta Gorda,33982,1-(941)278-1536
7,Hyatt,Ciobotaro,5 Dorton Street,Jiebu,,86-(293)535-0130
8,Maris,Dunan,7673 Gerald Avenue,Chigan,,86-(642)749-6070
9,Hewet,Curry,84 Dennis Court,São Joaquim da Barra,14600-000,55-(408)465-2547
10,Alena,Bedell,5673 Onsgard Center,Mozhaysk,155126,7-(607)848-0773
11,Charo,Dossantos,2971 Susan Court,Nikol’sk,442680,7-(537)523-3360
12,Pooh,Seekings,28082 Paget Hill,Depok,,62-(562)971-3633
13,Reed,Doy,62173 Carberry Alley,Póvoa,3720-029,351-(629)977-5653
14,Jere,Godridge,5 Buell Street,Néa Kíos,,30-(451)183-8068
15,Maggie,Gypps,33 Hauk Park,Pingtian,,86-(119)654-2799
16,Michell,Gillean,3772 Myrtle Point,Batangan,,62-(605)202-6479
17,Faydra,Skae,37902 Maryland Drive,Khiliomódhi,,30-(477)166-0688
18,Xylia,Ritmeier,9248 Logan Road,Arīḩā,,963-(606)549-6987
19,Wolfy,Fellibrand,660 Scoville Road,London,SW1E,44-(635)443-0141
20,Henrieta,Webborn,8 Hudson Drive,Haishan,,86-(539)134-2758
21,Cesaro,Rosendale,592 Shoshone Plaza,Río Cauto,,53-(608)749-3640
22,Emily,Garfath,1846 Golf View Court,Ciseureuheun,,62-(937)105-5000
23,Erika,Brokenshaw,05 Dottie Point,Jiutai,,86-(647)561-3267
24,Lezlie,Knappen,13432 American Ash Drive,Tullinge,146 40,46-(109)145-6384
25,Johann,Hoodless,78 American Ash Lane,Araripina,56280-000,55-(896)930-0293
26,Myrwyn,Bubbings,13876 Hoffman Alley,San Carlos de Bariloche,8400,54-(458)110-5450
27,Abbe,Westmerland,69 Butternut Crossing,Bueng Kan,34140,66-(941)522-6548
28,Cherey,Caldeiro,0 Banding Road,Delodpeken,,62-(287)188-0838
29,Aubine,Sully,10 Boyd Pass,Paracatu,38600-000,55-(460)836-6356
30,Alphard,Drakeford,52202 Manufacturers Plaza,Opočno,517 73,420-(308)624-7107
31,Jeno,Poundford,37 Rockefeller Point,Belén,,505-(385)980-8054
32,Leontine,Hockey,9 Johnson Place,Umburarameha,,62-(869)599-4022
33,Anny,Booy,499 Banding Street,Węgrzce Wielkie,32-002,48-(767)795-1525
34,Delmer,Peasgood,6501 American Ash Plaza,Phanom Phrai,24140,66-(153)785-4257
35,Koralle,Jezzard,2501 Blackbird Pass,Đắk Song,,84-(280)231-8306
36,Cornela,Repp,297 Hintze Avenue,Bungoma,,254-(387)794-6835
37,Melitta,Bovey,60586 Schurz Court,Xinqiao,,86-(786)222-1049
38,Aryn,Fardon,2 Ridge Oak Trail,Al Jawādīyah,,963-(981)912-2650
39,Valle,Churchill,12563 Waubesa Center,Fosca,251837,57-(333)845-9053
40,Philippine,Osmant,2 Donald Point,Jaworzynka,43-476,48-(849)597-9072
41,Catharina,Klezmski,18899 Jana Pass,Ganjiangtou,,86-(899)874-2340
42,Sal,Ridler,79473 Delladonna Avenue,Hrochův Týnec,538 62,420-(112)900-1422
43,Theo,Aberkirder,404 Service Avenue,Yuncheng,,86-(584)467-4595
44,Coralie,Pigeon,45663 Maple Wood Alley,Yeoju,,82-(570)827-7621
45,Jakob,Caulcott,96 Ridgeview Parkway,Juršinci,2256,386-(126)702-9809
46,Erie,Starton,8 Anzinger Point,San Andrés Xecul,8004,502-(204)517-7044
47,Kelly,Lucus,3091 Aberg Drive,Honglong,,86-(378)966-9350
48,Maryjo,Caret,20167 Heath Park,Huddinge,141 53,46-(419)592-7572
49,Deeann,Leftly,5882 Vernon Park,Manay,1105,63-(745)811-4212
50,Sibel,Czajkowska,674 Mayer Way,El Cairo,761508,57-(131)248-4005
51,Ellary,Doyley,378 Morningstar Place,Büzmeýin,,993-(626)400-3002
52,Leonerd,McCurlye,509 Continental Parkway,Chuangye,,86-(668)164-5377
53,Hulda,Vernay,571 Ridgeview Drive,Surcubamba,,51-(626)957-3726
54,Bernadette,Kauble,0619 Nelson Road,Greensboro,27404,1-(336)222-0894
55,Patti,Fawkes,654 Schmedeman Circle,Heshang,,86-(313)456-1695
56,Jo,Vlies,48 Spenser Road,Tibati,,237-(235)675-6755
57,Myrtle,Stinton,031 Welch Pass,Murowana Goślina,62-096,48-(162)277-8464
58,Carolynn,Martinolli,50503 Amoth Park,Lumby,P7L,1-(597)359-3586
59,Effie,Dabinett,05135 Commercial Trail,Bogoroditsk,301839,7-(400)777-4121
60,Bette,Cluett,2935 3rd Junction,Dingle,5035,63-(405)809-2260
61,Rochella,Vasiliu,25286 5th Way,Yoshida-kasugachō,959-1287,81-(697)209-9645
62,Raymund,Deedes,838 Wayridge Drive,Leon Postigo,6305,63-(127)724-4093
63,Priscella,MacDonald,6 Barby Park,Zavetnoye,357014,7-(783)253-1754
64,Rhea,Bamell,482 Jay Place,Kačanik,,383-(470)971-9965
65,Leora,Huzzay,6104 Sugar Way,Tukan,453550,7-(572)845-9591
66,Katlin,Langhor,732 Montana Drive,Riangblolong,,62-(723)843-1261
67,Michail,Mechi,5281 Burning Wood Point,Budapest,1097,36-(626)602-9449
68,Brett,Dahlbom,6 Buena Vista Plaza,Sumalig,9211,63-(345)947-9269
69,Kip,Hinkes,279 Tomscot Plaza,Krzemieniewo,64-120,48-(573)125-2539
70,Fernande,Hayter,71486 Ilene Pass,Kushnarënkovo,452230,7-(183)196-3680
71,Belinda,Matchett,384 Hoepker Terrace,Velykyy Klyuchiv,,380-(551)241-1062
72,Florie,Grishinov,9 Spenser Center,Nantes,44958 CEDEX 9,33-(511)792-2900
73,Bette,Cosley,62234 6th Road,Rajapeni,,62-(579)681-6237
74,Sadella,Vicarey,4 Sherman Road,Quận Phú Nhuận,,84-(757)737-2133
75,Rosemonde,McGarrahan,1 Nova Plaza,Zaytā,,970-(842)640-6016
76,Jody,Ungerechts,6190 Troy Terrace,Huangzhan,,86-(402)301-0929
77,Jake,Bau,712 Gale Street,Sandvika,1304,47-(116)159-7341
78,Wilma,Bidgod,10877 Clarendon Place,Daduchuan,,86-(302)236-4259
79,Cleo,Filippello,08452 Clemons Point,Grzechynia,34-222,48-(527)928-2277
80,Tiffie,Synder,91029 Ilene Alley,Novo Horizonte,14960-000,55-(220)185-5527
81,Regan,Trousdale,56516 Granby Terrace,Uthai Thani,26000,66-(985)614-7478
82,Drusy,Chowne,6 Messerschmidt Park,Rennes,35022 CEDEX 2,33-(581)556-9942
83,Emmalee,Plover,75867 Express Crossing,Kangxung,,86-(280)782-1177
84,Daveta,Trodd,2955 Gateway Junction,Palilula,,381-(797)389-0552
85,Mal,Shimon,9125 Burning Wood Avenue,Thai Charoen,55000,66-(111)415-7880
86,Towny,Docharty,95928 Texas Terrace,Slantsy,188565,7-(240)552-6994
87,Annette,Abramsky,75241 Sullivan Avenue,Al Ḩashwah,,967-(485)158-5805
88,Karney,Prendergrast,0082 Forest Dale Circle,Sikasso,,223-(153)496-2592
89,Thom,Shadrach,74 Golf View Road,Quetta,87301,92-(653)735-1377
90,Bron,Hattam,81292 Meadow Valley Avenue,Fukui-shi,919-0486,81-(455)771-7106
91,Jarret,Cucinotta,97422 Burning Wood Junction,Tyachiv,,380-(120)348-7569
92,Phillis,Adelman,94085 6th Circle,Logovskoye,671633,7-(605)336-8679
93,Mahmoud,Knolles-Green,5 Pine View Road,Qitao,,86-(558)147-1407
94,Johnathan,Statefield,3417 Swallow Alley,Imsida,ZTN,356-(376)535-2957
95,Rickert,Empson,75 Lien Hill,Avignon,84902 CEDEX 9,33-(270)430-6067
96,Zollie,Kalkofer,462 American Place,Honda,732048,57-(703)738-7365
97,Angelica,Burnham,899 Sundown Alley,La Rioja,5300,54-(155)281-4298
98,Reynold,Colebourne,43 Fieldstone Road,Västerås,721 37,46-(545)374-5416
99,Geoff,Greenhouse,631 Center Crossing,Moijabana,,267-(960)469-9608
100,Emmalee,Vakhonin,1 Mallory Place,Tongli,,86-(496)243-9569
101,Shaine,Zimek,08622 Ridgeview Hill,Paoay,2902,63-(516)672-9708
102,Deane,Lohden,60 Logan Center,San Pablo,,51-(218)100-9524
103,Antony,Kybbye,2742 Bunting Way,Xiaoqi,,86-(671)416-7729
104,Adorne,Condliffe,64103 Spenser Hill,Mae Ramat,63140,66-(655)645-7104
105,Rivy,Petric,6298 Leroy Alley,Syriam,,95-(608)747-7205
106,Raynard,Fessions,69 South Place,Acomayo,,51-(907)447-1990
107,Delainey,Isham,03 Oak Road,Sanhu,,86-(840)533-2539
108,Heidi,Wigg,26580 Burning Wood Parkway,Fangtang,,86-(345)951-1901
109,Carmelia,Linham,1433 Packers Alley,Potęgowo,76-230,48-(937)384-8922
110,Tris,Housego,29977 Westerfield Pass,Sagopshi,386340,7-(930)168-5736
111,Hestia,Physick,3 Superior Center,Nestório,,30-(722)695-5538
112,Hal,Tourner,4 West Court,Zhangjiachang,,86-(758)388-7385
113,Lenna,Meindl,479 Lien Center,Dzüünbulag,,976-(906)109-9485
114,Fredelia,Fidelli,771 Florence Parkway,Panjakent,,992-(965)718-0494
115,Stormie,Leithgoe,0 Blue Bill Park Court,Kebonsari,,62-(628)770-5072
116,Hanson,Onions,8 Tennyson Court,Novoderevyankovskaya,353710,7-(313)360-0265
117,Cris,Dashper,2 Claremont Street,Khanabad,,93-(250)500-4115
118,Morley,Rozec,15 Elka Parkway,Patique,1715,63-(888)150-5226
119,Silvie,Mc Carroll,7214 Randy Plaza,Tongquan,,86-(685)958-9168
120,Mufi,Siddele,080 Center Street,Bartica,,592-(802)739-1072
121,Ray,Folcarelli,32 Johnson Center,Ono,989-1505,81-(933)130-1486
122,Burg,Fawthrop,498 Pepper Wood Trail,Kinh Môn,,84-(304)864-9700
123,Katie,Winear,45292 Scott Crossing,Chinchaypujio,,51-(272)811-5096
124,Dorree,Waby,056 Spaight Street,Pacaembu,17860-000,55-(393)743-5480
125,Elston,Matyashev,5 Farwell Park,Dukoh,,62-(451)493-0640
126,Joline,Hurring,3 Sunnyside Avenue,Jianqiao,,86-(870)564-7284
127,Beilul,Meany,0 Gulseth Plaza,Lazo,692980,7-(266)342-4138
128,Katuscha,Jeenes,6914 Veith Street,Bamencheng,,86-(800)307-3410
129,Burch,Stairs,3415 Comanche Junction,Bongor,,235-(911)682-6738
130,Maggi,Delhanty,503 Kingsford Junction,Boldumsaz,,993-(723)385-9820
131,Kaycee,Meert,489 Pepper Wood Parkway,Sūq Şirwāḩ,,967-(670)699-5533
132,Barb,Pavy,79 Schmedeman Junction,Cibebek,,62-(928)273-7412
133,Bibby,Urey,4032 Dottie Parkway,Sardasht,,98-(955)331-5444
134,Demott,Furst,709 Artisan Road,Stara Pazova,,381-(800)417-0524
135,Aurthur,Birkett,018 Bonner Alley,La Maná,,593-(656)165-4064
136,Annnora,Leif,480 Brown Trail,Nekhayevskiy,347037,7-(974)217-4247
137,Halsy,Rafter,0556 Sutteridge Junction,Kohtla-Järve,,372-(688)418-6545
138,Laughton,Pimley,473 Sutteridge Alley,Larvik,3271,47-(376)316-1118
139,Estella,Huge,18153 Boyd Pass,Shuangxing,,86-(411)506-3056
140,Jennica,Wiltsher,13 Atwood Trail,Stráž nad Nisou,463 03,420-(901)810-0240
141,Catlaina,Paulet,0306 Hallows Circle,Bent Jbaïl,,961-(198)835-2875
142,Melesa,Jeandeau,64 Delaware Park,Dasha,,86-(362)188-5290
143,Avivah,Lampl,5 Charing Cross Crossing,Azovo,646880,7-(815)367-2966
144,Edd,Cresser,32 Eastwood Alley,Menzel Jemil,,216-(998)184-4566
145,Nari,Yallowley,519 Raven Pass,Haodian,,86-(741)911-9992
146,Franciskus,MacMillan,11 Westridge Place,Daniwato,,62-(982)988-1127
147,Monique,Kadwallider,6 Butternut Court,Wisła,43-460,48-(860)609-7799
148,Cherie,Giraudou,39 Hansons Terrace,Zhentou,,86-(141)640-6764
149,Inglis,Akred,6 Dakota Crossing,Bzou,,212-(369)221-9977
150,Krystle,Behninck,37425 Rieder Lane,Svenljunga,512 93,46-(251)682-2770
151,Shandee,Realy,0112 Reindahl Road,Dapo,,86-(226)899-9519
152,Dav,Vinton,95 Pierstorff Way,Naḩḩālīn,,970-(574)477-3162
153,Munmro,Mewha,77499 Amoth Court,Jingping,,86-(375)432-6721
154,Stacey,Murty,62050 Wayridge Park,Rizal,7104,63-(783)555-6761
155,Lura,McGreay,8 Surrey Crossing,Tembilahan,,62-(213)457-9340
156,Merwin,MacDermott,8 Swallow Road,Czerwonak,62-004,48-(582)187-8499
157,Lian,Lowless,11 Mandrake Plaza,Les Coteaux,J7X,1-(255)145-7368
158,Bert,Glyn,2519 Havey Point,Odeleite,8950-355,351-(143)547-8169
159,Chane,Jaslem,6 Manufacturers Trail,Cikondang,,62-(744)324-0752
160,Marlena,Bearne,67122 Meadow Valley Avenue,Berekum,,233-(547)135-2593
161,Nata,Speer,16 Amoth Junction,Przelewice,74-210,48-(597)800-6580
162,Washington,Tunnicliffe,1802 Haas Terrace,Krasnoye,652577,7-(128)218-7146
163,Sherwin,Brundall,01 Grasskamp Lane,Taubaté,12000-000,55-(110)699-5829
164,Raul,Kalkofer,949 Carioca Terrace,Talu,,62-(384)412-0420
165,Therese,Crotty,462 Lyons Circle,Tieling,,86-(470)469-5185
166,Cameron,Prangle,5151 Raven Circle,Vologda,160034,7-(280)554-5843
167,Rivalee,Medina,01323 Lake View Terrace,Araras,13600-000,55-(500)574-5593
168,Eloise,MacGinlay,65 Crest Line Road,Helsingborg,250 06,46-(304)610-5375
169,Amye,Brisco,4589 Westport Circle,Tarbes,65022 CEDEX 9,33-(709)125-2142
170,Garold,Axton,530 Dorton Parkway,Khudāydād Khēl,,93-(741)860-6532
171,Liesa,Saddler,724 Mockingbird Alley,Luhe,,86-(456)444-2755
172,Minda,Bailey,01956 Village Green Trail,Kallinge,372 53,46-(175)240-9568
173,Archie,Hendriks,887 Ronald Regan Crossing,Periyiáli,,30-(219)777-5643
174,Oby,Krauss,9 3rd Parkway,Amphoe Sikhiu,30140,66-(608)417-8118
175,Benedicta,Barkley,378 Waubesa Alley,Kass Wollof,,220-(477)243-8193
176,Sebastiano,Asee,18 Twin Pines Point,Puning,,86-(859)336-9045
177,Annelise,Leber,52432 Sachs Way,San Felipe,,56-(890)262-3719
178,Lorne,Le - Count,4 Wayridge Lane,Washington,20337,1-(202)426-4825
179,Katlin,Harrington,08 Jay Plaza,Viçosa,59815-000,55-(700)918-3873
180,Brodie,Assaf,02 Truax Hill,Glugur Krajan,,62-(609)901-3878
181,Sabine,Barthrop,800 Nancy Parkway,Krasyliv,,380-(966)524-7696
182,Lorelle,Dundin,5 Ramsey Terrace,Brčko,,387-(137)918-9979
183,Marven,Rowledge,63 Amoth Pass,Besole,,62-(369)821-5945
184,Asa,Pogosian,9686 Eastlawn Road,Betong,,62-(891)126-5458
185,Otha,Francescotti,3 Pleasure Lane,Bečej,,381-(833)783-3439
186,Edeline,Aitken,99 Superior Court,Pyzdry,62-310,48-(518)887-2521
187,Charmain,McLenaghan,2 Farwell Plaza,Zuru,,234-(547)221-0312
188,Myrah,Raspin,92 Garrison Lane,Hostos,11403,1-(700)798-0059
189,Marlyn,Lidell,43 Longview Plaza,Lidu,,86-(957)812-0302
190,Kathryne,Norkutt,9 Kedzie Plaza,Bouça,4640-210,351-(964)685-4551
191,Dal,Estoile,91 Buell Terrace,Áno Sýros,,30-(777)818-5519
192,Ros,Kembley,766 Prairie Rose Court,Dzoraghbyur,,374-(523)159-1581
193,Cleve,Milbourne,57 Acker Drive,Białaczów,26-307,48-(541)628-8025
194,Isaak,Kless,35398 Lakewood Way,Prizren,,383-(118)629-1328
195,Ettore,Beardsell,3573 Lakewood Gardens Center,Jibiya,,234-(241)705-4749
196,Lucky,Fevers,44176 Lukken Alley,Jianqiao,,86-(238)133-8095
197,Kinna,Clancy,6 Corscot Place,Luobuqiongzi,,86-(385)223-0818
198,Aleksandr,Ridewood,41951 Loomis Lane,Baishi,,86-(183)365-9333
199,Xylia,Narbett,27 Golf View Alley,Velykyy Burluk,,380-(408)753-5856
200,Alastair,Storrier,3 Heffernan Court,Nuwaybi‘a,,20-(139)665-6753
201,Ange,Jeger,142 Westend Place,Victoria,,1-(260)400-8732
202,Nananne,Grewes,57359 Crescent Oaks Terrace,Skellefteå,931 22,46-(879)574-1001
203,Eartha,Benoiton,5 Bluejay Trail,Brody,68-343,48-(931)496-8371
204,Abdul,Reboul,95164 Dakota Park,Tamatam,,691-(494)366-6513
205,Norean,Seamans,08 Glendale Pass,Caledon,7250,27-(861)991-3543
206,Sydel,Debill,47 Hazelcrest Alley,Pyatovskiy,249903,7-(482)427-6960
207,Abdul,Cliff,99245 Alpine Junction,Gaogu,,86-(164)509-5387
208,Morlee,Money,3051 Manley Place,Fortios,7300-655,351-(710)516-9369
209,Vince,McVie,1665 Division Terrace,Slyudyanka,665911,7-(222)989-1177
210,Nesta,Gerrets,665 Grim Crossing,Mikulintsy,,380-(213)239-7470
211,Colene,Le Gall,16468 Del Sol Drive,Singida,,255-(120)394-7682
212,Westleigh,Masurel,62 Hazelcrest Point,Lidköping,531 36,46-(679)677-4104
213,Carey,Mourant,58576 Glacier Hill Trail,Torkanivka,,380-(100)131-6112
214,Juanita,Duesberry,1343 Hanover Avenue,Monte Novo,7540-051,351-(861)369-6039
215,Dannie,Ivashintsov,5170 Drewry Lane,Maurole,,62-(411)343-2071
216,Olav,Bownd,24 Anhalt Trail,Loja,,593-(880)115-9881
217,De,Adderson,16553 Pennsylvania Junction,Gambēla,,251-(447)998-2751
218,Aleen,Zapata,694 Cardinal Way,Sunjia,,86-(385)527-9960
219,Ashlee,Grewes,30 Grim Point,Nizhniy Tsasuchey,674480,7-(317)493-3622
220,Gauthier,Engall,064 Anniversary Pass,Dankunku,,220-(582)542-5215
221,Cordell,Kobiera,1180 Dakota Drive,Kaolinovo,9960,359-(851)388-1362
222,Harry,Dummigan,30197 Morrow Hill,Lyubokhna,242622,7-(470)183-4655
223,Kahaleel,Rubinovitch,4744 Ridge Oak Road,Gunung Talang,,62-(888)520-6376
224,Stavros,Border,13637 American Trail,Plandi,,62-(306)520-2194
225,Christoper,Spincks,78 Bultman Junction,Tawau,91030,60-(294)644-5024
226,Lyssa,McKeown,52 Riverside Alley,Hulitu,,86-(183)154-2296
227,Leon,Dolligon,65 Cambridge Alley,Chiara,,51-(344)121-3017
228,Holly-anne,De Ruggiero,00 Comanche Avenue,Kanaya,999-3103,81-(352)292-8347
229,Garrot,Warner,56529 Corben Hill,Xinhe,,86-(922)158-0043
230,Tabby,Whetton,10 Sloan Court,Hepingjie,,86-(186)933-6532
231,Nanete,Ryland,88020 Nobel Drive,Paris 09,75439 CEDEX 09,33-(446)680-1851
232,Kaja,Frays,7733 Blackbird Lane,Qinshi,,86-(613)551-0174
233,Lou,Labbe,9 Reinke Street,Xiaofayi,,86-(177)240-5477
234,Guinna,Counter,0029 Fairview Terrace,Rokytne,,380-(561)572-8532
235,Wilmer,Bonifant,105 Heffernan Alley,Ploemeur,56274 CEDEX,33-(671)355-4959
236,Nobie,Berka,36672 Kedzie Alley,Wuduhe,,86-(685)585-9363
237,Carlynn,Tubb,09114 Forster Pass,Brataj,,355-(876)116-9389
238,Norry,Malek,1 Lake View Crossing,Liangshui,,86-(623)999-5799
239,Nanni,Sargison,7 Judy Street,Growong Lor,,62-(449)330-7806
240,Dodie,Pithcock,45138 Carioca Plaza,Alae,2705,63-(186)387-4637
241,Royal,Linsley,711 Surrey Center,Riyom,,234-(464)899-8668
242,Cherlyn,Siney,1444 Clarendon Junction,Massy,91304 CEDEX,33-(186)905-3821
243,Otto,Robb,01598 Pine View Parkway,San Ramon,6710,63-(880)573-3725
244,Arman,Lownsbrough,45 Canary Lane,Sandakan,90736,60-(477)345-6940
245,Ilka,Masding,63 Burrows Park,Puconci,9201,386-(884)720-6128
246,Krystyna,Sirette,0 Service Park,Aldeia da Bela Vista,8400-661,351-(191)464-3082
247,Crystal,Bridgnell,7784 Melvin Avenue,Cajicá,250247,57-(384)634-1955
248,Ashton,Etchingham,42439 Oneill Drive,Caohe,,86-(954)989-8155
249,Gradeigh,Punyer,126 Porter Pass,Skoki,62-085,48-(392)548-2441
250,Vicky,Piniur,4 Northfield Point,Szprotawa,67-300,48-(285)393-3340
251,Martin,Sinson,95898 Londonderry Trail,Xigou,,86-(133)455-9771
252,Florian,Valadez,5597 Washington Court,Wutongkou,,86-(285)383-2928
253,Sigmund,Riccelli,3164 Sycamore Trail,Jinhai,,86-(734)958-9416
254,Audrie,Stuke,7201 Macpherson Park,Arauca,810009,57-(644)685-4862
255,Wilone,Mulbry,07 Waxwing Plaza,Las Flores,70317,52-(966)416-0593
256,Teresita,Lelande,05 Kingsford Junction,Machalí,,56-(259)648-0846
257,Tamra,Tembridge,2891 Hermina Point,Shenshu,,86-(507)975-4988
258,Edd,Pennick,6422 Michigan Drive,Māymay,,93-(156)318-1950
259,Rosco,Pymm,2 Mitchell Circle,Saint-Louis du Sud,,509-(506)243-4867
260,Laurie,Urry,517 Jay Hill,Nyköping,611 93,46-(607)195-5204
261,Erv,Hanaby,6 Melvin Center,Yunlong,,86-(939)733-4032
262,Kenna,Worden,4 Sutherland Crossing,Santa Lucía,5413,54-(601)217-9583
263,Ursulina,Wolfe,79426 Banding Way,Laiya,6215,63-(291)477-4101
264,Winston,Battye,3394 Sommers Park,Babakan,,62-(968)873-4326
265,Jamison,Undrell,29063 Loomis Street,Orange,92668,1-(650)785-1486
266,Rosamond,Kubal,676 Westend Center,Phra Phutthabat,18120,66-(160)993-1235
267,Kariotta,Steptowe,0565 Eastwood Way,Murygino,613641,7-(809)669-0928
268,Lark,Ebhardt,614 East Park,Malaga,29010,34-(817)115-5795
269,Jillayne,Aubri,58147 East Pass,Dakoro,,227-(947)308-6016
270,Emma,Tremmil,6624 Manley Crossing,Kowale,83-010,48-(526)753-1825
271,Sharona,Gosnoll,94367 Harper Crossing,Kerkrade,6464,31-(955)436-0572
272,Kore,Blooman,362 Sherman Alley,Valdemarsvik,615 95,46-(992)269-3992
273,Carlota,Kinloch,39 Summit Alley,Sakaraha,,261-(612)432-8761
274,Georgiana,Bugbird,56117 Parkside Alley,Thaton,,95-(282)855-3621
275,Damaris,Draco,6641 Claremont Way,Sukhobuzimskoye,663040,7-(685)920-8635
276,Coral,Eddolls,6 Bashford Drive,Sanxi,,86-(925)798-5675
277,Marie-ann,Pavelka,3 Drewry Avenue,Chiryū,474-0074,81-(637)306-6078
278,Farrah,Coggeshall,08208 Thierer Terrace,Rathnew,R35,353-(915)865-8534
279,Giavani,Hawlgarth,99 Goodland Terrace,Sanhe,,86-(919)331-7396
280,Jacinta,Gopsill,2 Fisk Hill,Kampungsusah,,62-(246)759-5352
281,Carlos,Fransewich,6 Quincy Hill,Beloha,,261-(775)384-3280
282,Cornelle,Pritty,5 Mariners Cove Way,Bamencheng,,86-(194)567-9424
283,Blaire,Jojic,9556 Tennessee Circle,Buckland,CT16,44-(736)375-7047
284,Wilfrid,Tellenbrook,267 Bunker Hill Place,Vasyl'evsky Ostrov,190990,7-(898)394-7109
285,Chilton,Van der Beken,20421 Everett Way,Vila Fria,4935-804,351-(132)571-5148
286,Carolyne,Clout,29 Dexter Street,Postřekov,345 35,420-(215)460-5647
287,Emmalyn,Frank,46 Vahlen Parkway,Křížová,794 01,420-(794)893-3488
288,Alecia,Watt,298 Eagan Plaza,Bingawan,5041,63-(108)872-4875
289,Terry,Audus,20186 Merchant Junction,Santa Catarina Ixtahuacán,7006,502-(836)202-2941
290,Loreen,Cluelow,74 Buena Vista Place,Makiwalo,1743,63-(535)813-3870
291,Marcelia,Takle,4 High Crossing Court,Yingdianjie,,86-(893)687-2094
292,Mattias,Denerley,6866 Fairview Hill,Canchaque,,51-(297)140-9284
293,Tad,McGrotty,000 Monument Circle,Barra,9016,63-(473)820-8906
294,Ollie,Enoch,99 Walton Plaza,Sadovo,4126,359-(101)945-0477
295,Justino,Bernot,4333 Rowland Way,Biryukove,,380-(967)230-3409
296,Jazmin,Caro,2688 Sherman Court,Baishuiyang,,86-(492)655-4733
297,Joella,Tongs,6319 Vahlen Road,La Paz,8508,63-(337)647-2733
298,Beret,Yarwood,4 Coleman Junction,Péruwelz,7604,32-(263)844-1786
299,Jerald,Childe,6 Dwight Lane,Pushkin,196627,7-(457)414-6452
300,Early,Budgen,305 Miller Drive,Mitú,54028,57-(686)319-5365
301,Marcille,Carreck,831 Scofield Crossing,Slobodka,301113,7-(603)366-4135
302,Hoyt,Gronaver,50069 Bayside Plaza,Řehlovice,403 13,420-(525)321-7391
303,Rodge,Riddell,8 Golf Course Avenue,Cotahuasi,,51-(175)204-6352
304,Raynard,Willcot,0851 Buena Vista Hill,Куклиш,2432,389-(699)124-7603
305,Willy,Barrowcliff,41 Monterey Road,Ares Tengah,,62-(701)546-6483
306,Kelbee,O'Donnell,2 American Parkway,Aviles,33404,34-(557)476-9646
307,Ange,Skypp,629 Haas Terrace,Parajara,,62-(930)635-5433
308,Vania,Woodburn,72 Westport Pass,Alqueidão,2000-452,351-(309)879-5052
309,Rurik,Botwood,35 Bashford Place,Pau,5513,63-(257)363-8393
310,Cheston,Mouget,0 Pawling Alley,Alvalade,7565-017,351-(569)220-4625
311,Arlie,Simeoli,737 Aberg Alley,Qingshui,,86-(328)481-8141
312,Adeline,Stancliffe,0 Bluestem Crossing,Pondokwungu,,62-(412)463-5142
313,Tamma,Cartmill,7756 Pleasure Way,Patos Fshat,,355-(343)784-9655
314,Cathee,Wilks,18 East Pass,Sumberejo,,62-(665)900-6599
315,Kareem,Lau,08 Hooker Junction,Sumbe,,244-(300)585-6893
316,Tadeas,Pugh,14432 Green Ridge Road,Birinci Aşıqlı,,994-(478)366-4528
317,Halley,Graith,9 Fordem Circle,Nong Ruea,40210,66-(470)701-2905
318,Thornie,McMurtyr,9 Butterfield Drive,Tianfen,,86-(515)744-8838
319,Sylvan,Kingwell,8 Eagle Crest Trail,Citeureup,,62-(940)608-6639
320,Sonny,O'Mullaney,13 Chinook Street,San Luis,27400,52-(833)675-8777
321,Anne,Berthot,67 Sutherland Avenue,Noşratābād,,98-(266)877-8168
322,Caye,Disney,9 Morrow Junction,Novyye Cherëmushki,142817,7-(273)711-3324
323,Jocelyne,Lewty,707 Claremont Pass,Cipatujah,,62-(370)560-7028
324,Danell,Kennan,08385 Sachs Center,Ji’an,,86-(655)921-4001
325,Zena,Attfield,458 American Place,Buena Vista,,591-(275)485-5790
326,Dorian,Bremen,19 Kings Place,Rive-de-Gier,42809 CEDEX,33-(257)953-8747
327,Bridget,Schrader,1 Sommers Center,Dashtavan,,374-(608)317-3387
328,Hillery,Eady,458 Northland Drive,Haihui,,86-(546)177-1683
329,Celene,Skirling,76 Union Way,Humniska,36-206,48-(164)643-3653
330,Tiertza,Saines,2365 Hermina Circle,Desakolot,,62-(976)209-1004
331,Winn,Espley,25611 Drewry Court,Ilopango,,503-(746)866-0298
332,Charley,Rein,20490 1st Circle,Inderka,442585,7-(710)411-6860
333,Claire,Feasey,4 Memorial Place,Nay Pyi Taw,,95-(770)371-3975
334,Jocelin,Edelheit,92473 Springview Place,Kushelevka,658381,7-(655)161-9770
335,Rhona,Sigge,3 Linden Alley,Lela,,62-(445)643-2745
336,Carling,Zambon,64 Lerdahl Terrace,Villa Serrano,,591-(810)402-0629
337,Inness,Sturgis,6650 Granby Court,Duko,,62-(426)929-4489
338,Juliana,Dennehy,64 Heath Park,Igcocolo,5029,63-(699)598-7346
339,Shoshana,Kermott,92559 Carey Center,Sungaimaja,,62-(402)915-0148
340,Lou,Gostick,9492 Delladonna Point,Jablonné nad Orlicí,561 64,420-(892)102-2831
341,Danila,Drayson,906 Melody Circle,Seixas,3405-400,351-(580)159-5513
342,Sherlock,Kachel,02664 Reindahl Avenue,Shuiyuan,,86-(382)223-1456
343,Concettina,Schimaschke,327 Anzinger Way,Urho,,86-(448)643-5947
344,Efren,Borgne,92308 Morning Place,Shuanghekou,,86-(254)954-4554
345,Pamella,Harnett,04 Coleman Place,Mandalgovi,,976-(537)981-6885
346,Greggory,Sellen,844 Quincy Parkway,Jincang,,86-(666)759-2222
347,Felipe,Broy,932 Pankratz Avenue,Porto Salvo,2740-010,351-(680)993-6045
348,Thibaut,Fedoronko,7052 Schmedeman Park,Markaz Bilād aţ Ţa‘ām,,967-(407)889-6711
349,Berky,Mearing,5132 Hanover Terrace,Passal,4960-130,351-(230)495-7887
350,Charmane,Brotherhed,4040 Maywood Place,Jataí,75800-000,55-(368)399-1983
351,Germayne,Maymond,79654 Hoard Way,Changchi,,86-(752)389-7304
352,Ricky,Rosnau,688 Manley Avenue,Sydney South,1235,61-(727)876-6191
353,Taylor,Haughian,6 Meadow Vale Hill,Klau,,62-(992)691-0524
354,Dorris,Spreull,19 Sunfield Avenue,Kafir Qala,,93-(972)216-0001
355,Huey,Elsay,2 Fremont Avenue,Rybí,742 65,420-(879)499-6433
356,Geoffry,Trimmill,60 Butternut Drive,Banjar Pasekan,,62-(650)989-3281
357,Menard,Maudson,5727 Dawn Way,Mancha Khiri,40160,66-(790)436-8524
358,Johnathon,Whiteley,3 Armistice Point,Zarqa,,962-(770)597-9233
359,Ivory,Tinan,7686 Shoshone Terrace,Aucayacu,,51-(614)619-2267
360,Byron,O'Lagene,14320 Golf Parkway,Remedios,52828,57-(450)997-8542
361,Bryan,Weatherup,0693 Golf View Pass,Wąpielsk,87-337,48-(113)741-0667
362,Emmi,Feldmann,1 Glacier Hill Junction,Lijia,,86-(791)992-0542
363,Hyacinth,Loads,8655 Emmet Parkway,Beringin,,62-(538)158-5773
364,Brade,Wolfe,909 Grover Point,Falun,791 75,46-(979)225-0842
365,Garner,Bartoli,162 Anthes Avenue,Pagak,,62-(949)814-0765
366,Brewer,Britian,38 Sullivan Street,Khodzha-Maston,,992-(928)918-2651
367,Annabell,Hemmingway,2462 Scoville Drive,Napnapan,5021,63-(831)767-8062
368,Liza,Ernshaw,5 Hazelcrest Street,Inayauan,3336,63-(519)483-5122
369,Scarface,Camelin,30960 Arizona Avenue,Laifang,,86-(791)659-7159
370,Cathryn,Ainscough,2553 Kinsman Court,Hanyuan,,86-(348)973-1285
371,Audy,Greggs,4254 Weeping Birch Parkway,Guadalupe,72124,52-(523)254-9489
372,Emmi,Lanfer,035 Lerdahl Trail,Beiwa,,86-(750)648-6275
373,Demeter,Ollerton,26442 Bashford Road,Shizuishan,,86-(710)997-7194
374,Avie,Vasyutin,68299 Dakota Court,San Juan,928,1-(128)598-3548
375,Pete,Borg,23 Mcbride Lane,Sanjiang,,86-(206)108-0972
376,Trstram,Diable,437 Oriole Junction,Sonder,,62-(226)387-9005
377,Humfrey,Matovic,7 Main Pass,Shuangxi,,86-(882)694-7414
378,Zandra,Segges,9 Menomonie Park,Belas,2605-016,351-(546)625-4608
379,Wainwright,Francescone,26798 Pierstorff Alley,Tlogosari,,62-(781)125-5478
380,Shoshanna,June,7298 Farmco Alley,Takengon,,62-(217)884-2216
381,Benoit,Heaselgrave,6187 Lakewood Road,Jaguaquara,45345-000,55-(776)125-8836
382,Marchelle,Quennell,0645 Erie Place,Tahala,,212-(905)897-1935
383,Weidar,Pilsworth,682 Delaware Terrace,Dogarmo,,86-(226)432-8108
384,Mahmud,Pereira,9 Green Lane,Bozkow,51-376,48-(958)238-5039
385,Alisha,Benech,033 West Lane,Berber,,249-(246)431-3272
386,Valli,Fordham,7331 Eastwood Park,Piaocao,,86-(669)669-4754
387,Peri,Coyle,082 Dottie Drive,San Isidro,27990,52-(287)530-9397
388,Bail,Goodliff,41179 Del Sol Center,Schaan,9494,423-(183)719-1160
389,Manya,MacElholm,68 Ludington Court,Pateh Sam,,220-(165)931-6562
390,Noak,Bensley,52 Express Drive,Lapachito,3514,54-(318)583-4953
391,Jeff,Undy,51880 Kipling Crossing,Kuma,,62-(777)331-8507
392,Bastian,Lucian,31 Merrick Park,Krajan Dua Patempuran,,62-(561)692-9315
393,Serena,Brimley,452 Iowa Road,Jinhe,,86-(700)915-0651
394,Jimmie,Gillatt,77069 Southridge Drive,Jingnao,,86-(273)838-6503
395,Suellen,Robertot,191 Sommers Crossing,Rukungiri,,256-(546)181-0527
396,Trenton,Laughren,89 Homewood Alley,Gbadolite,,242-(257)556-3668
397,Torin,M'cowis,6510 Carberry Court,Mongo,,235-(814)984-1664
398,Bryanty,Ruler,144 Di Loreto Center,Houxi,,86-(208)980-3747
399,Malvin,Linnett,789 Lakeland Road,Bedalewun,,62-(849)529-1933
400,Andros,Furness,40 Union Place,Paola,PLA,356-(757)213-1155
401,Betsy,Austing,69895 Clemons Place,Al Qardāḩah,,963-(930)428-8379
402,Isac,Andrzejak,9203 Westport Alley,Rantepang,,62-(941)672-9895
403,Arie,Philipot,004 Sycamore Street,Birobidzhan,152430,7-(887)141-6636
404,Kamillah,Cooke,8 Walton Road,Gose,649-7153,81-(764)378-2467
405,Siobhan,Ballintime,88 Banding Road,Fabianki,87-811,48-(996)980-4777
406,Slade,Hazzard,757 Mosinee Trail,Emiliano Zapata,43645,52-(466)626-4189
407,Olav,Rubica,6 Iowa Drive,Pinghu,,86-(358)434-8006
408,Gusella,Lashford,0 Monument Junction,Villa Dolores,5870,54-(401)727-0377
409,Jens,Daulton,969 Kensington Plaza,Neofbaun,,62-(902)475-5306
410,Carole,Dronsfield,4 Swallow Avenue,Xipingle,,86-(401)234-3834
411,Shelbi,McGuiney,208 Myrtle Park,Kralice na Hané,798 12,420-(144)613-3225
412,Jessalyn,Wheeler,96 Morning Pass,Laurel,20709,1-(410)847-0262
413,Barnard,Montgomery,9 Green Hill,Port Washington,11054,1-(516)447-9915
414,Hulda,Ferrer,80983 Forster Point,Lukovë,,355-(156)162-5099
415,Harley,Cheeld,70821 Longview Circle,Bobrovka,457134,7-(403)417-4473
416,Ameline,Jackman,57338 Fieldstone Plaza,Lyon,69406 CEDEX 03,33-(232)662-0661
417,Chandal,Oak,54981 Larry Way,Jizhou,,86-(185)204-6341
418,Saudra,Radke,8 Kipling Lane,San Diego,92153,1-(619)640-9561
419,Salvidor,Neenan,7 Pepper Wood Court,Manzë,,355-(798)697-8728
420,Minne,Janaszkiewicz,0 Caliangt Park,Sukacai Tengah,,62-(373)215-5874
421,Briny,Keyson,020 Victoria Road,Kyzyl-Kyya,,996-(273)869-7185
422,Pasquale,De Bischop,2190 Old Shore Lane,Futuroscope,86983 CEDEX,33-(464)455-7012
423,Lucian,Bruckman,8358 Gulseth Pass,Putukrejo,,62-(173)476-5697
424,Constancia,Mylchreest,1 Swallow Road,Mossel Bay,6511,27-(671)781-8513
425,Dore,Haselwood,3 Lerdahl Terrace,Maardu,,372-(659)457-9540
426,Chelsae,Joul,71533 Hazelcrest Park,Ōbu,474-0074,81-(889)814-7298
427,Eunice,Gilliat,3584 Orin Terrace,Gading,,62-(633)327-3920
428,Philippa,Samms,90 Garrison Road,Santa Ana,,51-(104)770-2001
429,Gianna,Danelet,40 Grayhawk Circle,San Miguel Chicaj,15002,502-(387)410-9712
430,Lelah,Slot,9 Golf Course Park,Karviná,735 72,420-(554)756-2839
431,Homerus,Twelves,7 Sullivan Junction,Agadez,,227-(171)555-5340
432,Donnell,Brozsset,4636 Stephen Pass,Babica,38-115,48-(703)285-8677
433,Doro,Ellings,740 Rigney Point,Pashiya,618824,7-(492)272-4593
434,Bard,Tetley,90294 Namekagon Drive,Kasamatsuchō,504-0968,81-(531)873-8324
435,Darrelle,Binge,967 Westridge Junction,Huaqiu,,86-(284)858-1292
436,Lavina,Kirkwood,0 Schlimgen Terrace,Lomma,234 27,46-(303)966-0874
437,Tandie,Kegg,878 Clarendon Place,Kowŏn-ŭp,,850-(380)815-8154
438,Emmerich,Capenor,00637 Village Circle,Puerto Francisco de Orellana,,593-(710)689-7033
439,Adams,Rochell,55469 Bultman Avenue,Jezerce,53231,385-(701)677-4591
440,Roxine,Dunning,481 Cascade Place,Dayr Mawās,,20-(875)701-5754
441,Giulio,McCoughan,61 Rockefeller Street,Saint-Denis,97404 CEDEX,262-(157)974-8087
442,Marilyn,Rodear,8753 Roxbury Junction,Śmiłowo,64-810,48-(117)302-1296
443,Onida,Pursehouse,724 Bartelt Road,Binabaan,5034,63-(953)621-0061
444,Jaquith,Udale,53 Menomonie Alley,Drybin,,375-(890)305-2446
445,Leo,Creebo,03 Mariners Cove Drive,Topolná,687 11,420-(234)132-8803
446,Janka,Onyon,7 Scoville Terrace,Huangguan,,86-(968)411-2354
447,Kelila,Cammell,2 Blue Bill Park Hill,Kangping,,86-(614)681-7462
448,Charley,Winspire,4459 Cambridge Avenue,Magapit,5700,63-(685)600-8972
449,Alistair,Oleszczak,03928 Montana Plaza,Żychlin,99-320,48-(591)643-6646
450,Jewel,Stearns,74470 Sherman Parkway,Ferreira do Zêzere,2240-340,351-(567)656-0998
451,Jacquelyn,Entreis,809 Warner Way,Khondāb,,98-(955)408-5469
452,Emalia,Pykerman,2679 Gina Place,Łaszczów,22-650,48-(403)807-0940
453,Delmor,Merrison,30 Sutherland Parkway,Gavinhos de Baixo,3400-009,351-(832)916-6476
454,Coral,Barff,5014 Service Street,Yurovka,353426,7-(915)755-9060
455,Demetrius,Roadknight,61727 Autumn Leaf Lane,Barrosa,2130-166,351-(291)799-0965
456,Suzanne,Maccraw,6 Dottie Park,Kinalaglagan,5614,63-(873)437-0192
457,Kiele,Arstall,71 Havey Trail,Maikun,,86-(106)507-1555
458,Lila,Titta,23 Arrowood Alley,Montaneza,6029,63-(939)659-1678
459,Whitby,McKissack,96235 Doe Crossing Center,Guanchi,,86-(135)842-3815
460,Noah,Pietrasik,81 Harbort Street,Kiten,9243,359-(101)639-0732
461,Yankee,Wessing,00 Eastwood Terrace,Úštěk,411 46,420-(425)111-1275
462,Francyne,Marran,07471 Monterey Parkway,Novyy Starodub,,380-(581)436-1814
463,Packston,McMenamy,525 Portage Place,Gayam,,62-(345)465-5048
464,Jenn,Wyper,09 Lakeland Street,Leping,,86-(786)126-6002
465,Modestine,Tames,1898 Cordelia Center,Perené,,51-(214)738-6483
466,Phillipp,Antonucci,761 Autumn Leaf Hill,Banjar Desa,,62-(550)642-1531
467,Charis,Wenham,14121 Carberry Drive,Bulgan,,976-(302)133-3173
468,Der,Hulme,45016 Shoshone Point,Cinunjang,,62-(270)909-1830
469,Trevor,Korf,36 Schlimgen Place,Firovo,161453,7-(449)346-6175
470,Gothart,Videneev,104 Karstens Road,Porto-Novo,,229-(469)968-0515
471,Corty,Heaney`,95 Erie Trail,Birmingham,35263,1-(205)951-0529
472,Darsie,Senyard,8537 Morning Crossing,Krajan Ngerdani,,62-(529)659-7610
473,Elissa,Gilmartin,083 Petterle Avenue,Pervomays’k,,380-(111)749-1558
474,Raff,Dewer,226 Pierstorff Place,Bremen,28239,49-(462)247-6890
475,Felicio,Bresman,3 Green Parkway,Leninsk,404622,7-(955)953-0744
476,Dulce,Ritter,200 5th Hill,Cimadang,,62-(641)485-8903
477,Avrit,Dael,017 Atwood Court,Palma De Mallorca,7015,34-(389)745-9387
478,Alister,Eyre,1524 Carey Plaza,Pāshmūl,,93-(448)536-6650
479,Yorgo,Seekings,086 Milwaukee Park,Trollhättan,461 58,46-(198)333-4419
480,Carroll,Hatherleigh,440 Clemons Alley,Baquero Norte,3322,63-(769)918-1204
481,Daryn,Churching,55855 Londonderry Hill,Tashla,461199,7-(218)518-2658
482,Ferrell,Giovannetti,7054 Derek Trail,San Diego,92127,1-(760)828-8439
483,Niki,Summerbell,3893 Moulton Park,Zhuji,,86-(362)347-6645
484,Orly,Filtness,12 Ridgeway Park,Péfki,,30-(616)664-9212
485,Kial,Smellie,88705 Oriole Park,Luts’k,,380-(896)523-2623
486,Modestia,Houdhury,1858 Ludington Crossing,Kazimierz Dolny,24-120,48-(250)892-5225
487,Cindra,Hayworth,6 Spenser Crossing,Ban Chalong,66110,66-(748)149-5530
488,Ruperta,Twelve,52635 Kedzie Terrace,Konotop,,380-(150)657-0206
489,Mark,Kleuer,444 Summerview Crossing,Karoya,,62-(983)582-8384
490,Sylvan,O' Hanvey,13 Rusk Drive,Zhonghualu,,86-(605)357-4712
491,Hobey,Chiswell,68 Portage Way,Kongtian,,86-(309)665-0310
492,Brock,Wilbore,0049 Fuller Pass,Baiyang,,86-(468)177-9930
493,Erhart,Reihm,250 Cascade Center,Iwierzyce,39-124,48-(839)139-1075
494,Demetre,Pocklington,3074 Emmet Road,South Tangerang,,62-(365)461-6187
495,Salvidor,Bankes,17414 Northwestern Road,San Javier,5875,54-(770)961-3091
496,Lindsy,Clayden,67826 Warner Court,Cerrito,681509,57-(944)404-0288
497,Malynda,Yurasov,12 Summerview Hill,Zoumaling,,86-(395)979-8592
498,Bertrando,Grzesiak,796 Reindahl Street,Srebrenica,,387-(109)713-7579
499,Fifi,Culley,5 Northridge Park,Đắk Mil,,84-(865)503-5921
500,Dalli,Eate,0 Fallview Point,Fuling,,86-(490)506-4753
501,Dory,Slorance,0 Coleman Place,Töreboda,545 35,46-(300)342-6038
502,Ramsey,Frantz,59943 Arkansas Crossing,Río Grande,10411,1-(755)630-4987
503,Johannes,Millership,98104 Anthes Court,Arvika,671 41,46-(551)653-5841
504,Ruddy,Brunetti,3 Pankratz Plaza,Lorengau,,675-(662)936-2090
505,Gaultiero,Butterly,36541 Colorado Lane,Zhuzuo,,86-(851)422-6944
506,Tabby,Kinker,725 Saint Paul Park,Alajuelita,11001,506-(839)432-9648
507,Karyn,Keys,391 Express Park,Yingwusitang,,86-(465)730-4265
508,Mano,Spyer,764 Nancy Road,Saint-Quentin-en-Yvelines,78093 CEDEX 9,33-(551)742-6050
509,Eberto,Krishtopaittis,77159 Independence Lane,Saqqez,,98-(561)979-6092
510,Kin,Bondley,7 Lillian Court,Pithári,,30-(591)469-5621
511,Riley,Goning,71206 Welch Trail,Buguruslan,461639,7-(328)568-8447
512,Sonny,Woolsey,497 Washington Trail,Sintansin,,82-(138)159-3083
513,Ariadne,Rawdall,530 Hazelcrest Trail,Paris 08,75413 CEDEX 08,33-(343)571-1396
514,Louis,Sibthorp,2525 Summerview Circle,Diourbel,,221-(720)750-9027
515,Reid,Reyner,6337 Toban Avenue,Wilkes Barre,18763,1-(570)745-8201
516,Roland,Slisby,40735 Bayside Alley,Mueang Nonthaburi,11120,66-(657)905-4767
517,Lane,Francesc,740 Carberry Lane,Wuxia,,86-(144)114-4335
518,Adrienne,Bisgrove,38 Stang Pass,Morawica,32-084,48-(477)561-0319
519,Swen,Lestor,80 Walton Street,Oke Ila,,234-(829)260-0740
520,Alastair,Franek,358 Corry Trail,Dingbu,,86-(571)887-1807
521,Alvan,Coulbeck,8 Bonner Point,Gayny,619650,7-(109)138-0431
522,Dallis,Warde,8901 Kedzie Alley,Gouxaria,2380-159,351-(959)524-4098
523,Ardeen,Duncklee,8 7th Terrace,Blora,,62-(472)626-0871
524,Tessa,Jencken,956 Delaware Plaza,Wau,,675-(992)652-5522
525,George,Udall,6 Paget Way,Jiancheng,,86-(521)103-6836
526,Catharine,Seymour,59786 Forster Center,Shijiao,,86-(547)569-4001
527,Karney,Stebbings,056 Waubesa Street,Shangshuai,,86-(776)940-9422
528,Calla,Timpany,84819 Ramsey Drive,Diyarb Najm,,20-(918)870-6412
529,Madge,Alonso,11 Mandrake Junction,Zakroczym,05-170,48-(267)416-9125
530,Fields,Ferryn,39 Northfield Street,Kawanoechō,799-0412,81-(922)737-2793
531,Gert,Nix,34052 Shasta Trail,Stockholm,117 37,46-(246)567-8177
532,Starlin,Maria,68 Doe Crossing Center,Araxá,38180-000,55-(304)796-4918
533,Olive,Fursland,09139 Bowman Court,Mutum,36955-000,55-(577)526-4787
534,Ofelia,Murray,9 Basil Place,Nyzhnya Krynka,,380-(200)548-5442
535,Grantley,Fazackerley,1919 Goodland Terrace,Wangwu,,86-(374)115-8066
536,Kasey,Davidesco,60098 Mifflin Place,Conde,58322-000,55-(741)647-5270
537,Claiborn,Tooby,0 Warbler Terrace,Yuhang,,86-(537)420-4684
538,Burty,Matlock,113 Cardinal Point,Itápolis,14900-000,55-(516)738-1230
539,Stanfield,Malster,52 Spenser Road,Pasirangin Tiga,,62-(682)171-3251
540,Mata,Steagall,1 Westerfield Center,Serowe,,267-(738)764-9811
541,Berkeley,Keinrat,6 Caliangt Plaza,Huimin,,86-(924)713-0963
542,Mauricio,Moen,0421 7th Alley,Donghui,,86-(885)965-3457
543,Ashli,Crawforth,42 Commercial Lane,Xuhui,,86-(193)791-5438
544,Heddi,Gullifant,22588 Springview Hill,Maple Plain,55572,1-(763)583-2906
545,Owen,Peartree,2072 Debra Pass,Vagos,3840-386,351-(812)127-0822
546,Ahmad,Boddis,22727 Bartillon Road,Galamares,2710-210,351-(781)101-6494
547,Welsh,Wendover,9620 Hazelcrest Plaza,Areia Branca,49580-000,55-(400)483-8011
548,Antoinette,de Clerq,6 Service Plaza,Łapsze Niżne,34-442,48-(550)631-9073
549,Reynard,Danielli,90 Jackson Court,Memaliaj,,355-(194)385-8350
550,May,Yedy,89672 Goodland Circle,Ciekek,,62-(636)137-2407
551,Reese,Findlater,16006 Summerview Way,Gongdanglegi Kulon,,62-(979)217-4446
552,Kippie,Klimes,57 Birchwood Street,Cambé,86180-000,55-(727)694-3340
553,Hattie,Kellen,9255 Twin Pines Crossing,Xuri,,86-(553)920-7741
554,Drusy,Bloor,05 Sherman Terrace,Palmeira,88545-000,55-(290)546-2674
555,Kellie,Wakerley,7 Porter Road,Täby,183 30,46-(671)439-6430
556,Lewie,Alvin,6345 Lerdahl Plaza,Damulog,8721,63-(395)788-7319
557,Gerek,Shimon,3054 Mallard Junction,Guataquí,252827,57-(236)898-0199
558,Edouard,Astridge,422 Jana Alley,Shanhaiguan,,86-(807)325-2591
559,Kayla,Lean,95 Lakewood Avenue,Meru,,254-(401)251-4476
560,Gabie,Barkes,9673 Pierstorff Pass,Sawin,22-107,48-(569)979-8802
561,Minerva,Belfelt,8976 Mallory Lane,Tha Luang,15130,66-(591)394-3271
562,Kania,De Atta,55876 Carberry Avenue,Sérvia,,30-(419)953-2348
563,Marrissa,Binion,946 Arkansas Hill,Baiyangwan,,86-(701)344-8329
564,Rebbecca,Tschursch,87 Katie Way,General Conesa,8503,54-(316)998-8066
565,Carroll,Braunstein,08450 Bartillon Drive,Pojok,,62-(925)408-2336
566,Samaria,Ferrettino,36 Moose Pass,Baisha,,86-(502)428-2588
567,Tessi,Becerro,4123 Debs Road,San Juan de los Morros,,58-(958)527-9137
568,Florenza,Balchen,1574 5th Court,Zhushan Chengguanzhen,,86-(841)882-2338
569,Lavena,Girardy,0 Claremont Pass,Nganane,,255-(109)835-0305
570,Jessamine,Ardern,6 Vermont Trail,Kimhae,,82-(918)355-6686
571,Annmaria,Philipet,8 Montana Parkway,Limoeiro do Ajuru,68415-000,55-(652)474-8305
572,Flossy,Ealam,8 Autumn Leaf Road,Hebi,,86-(519)446-7633
573,Ginelle,Dunmore,0423 Stone Corner Lane,Khrebtovaya,665683,7-(682)676-7912
574,Kiele,Grindle,3902 Village Road,Örbyhus,748 94,46-(835)918-0603
575,Gilbertine,Iddens,382 Karstens Court,Francisco J Mujica,59762,52-(191)788-4285
576,Kristian,Mc-Kerley,4064 Grim Point,Castanhal,68740-000,55-(554)850-2393
577,Kathryn,Starsmore,06 Schiller Crossing,Besançon,25057 CEDEX,33-(502)449-5954
578,Liesa,Huxley,1734 Spenser Street,Vikhorevka,665770,7-(823)737-4046
579,Ric,Siddens,7 Homewood Hill,Béthune,62411 CEDEX,33-(528)745-5897
580,Rianon,Goodee,3 Kensington Lane,Velyka Bilozerka,,380-(566)272-7477
581,Vally,Cannam,820 Kenwood Hill,Dek’emhāre,,291-(223)874-7852
582,Ofelia,Dericot,04 Norway Maple Avenue,Bahay Pare,3007,63-(884)758-1935
583,Margo,Scurry,28431 Jenna Park,Andalucía,763008,57-(768)364-9896
584,Florencia,De Winton,1 Moland Plaza,Jakhaly,,220-(806)855-4772
585,Laurella,Ducket,4 Rigney Street,Stenungsund,444 53,46-(278)215-7068
586,Grier,Baffin,4 La Follette Court,Nikinci,,381-(638)357-3078
587,Sheilah,Althrop,67717 Del Mar Pass,Bacolod,9205,63-(377)106-8673
588,Upton,Olivelli,748 Red Cloud Plaza,Kerema,,675-(849)967-9853
589,Barris,Mcwhinnie,82934 Ruskin Pass,Nagoselo do Douro,5130-225,351-(204)741-6997
590,Patten,Brobyn,31 Old Shore Court,Pomiechówek,05-180,48-(246)652-5407
591,Craggie,Harriagn,32 Coolidge Drive,Wang Chan,21210,66-(229)373-2647
592,Eleonore,Brash,8 Florence Court,Gorodishche,403003,7-(918)749-8689
593,Coletta,Menure,666 Shelley Park,Intendente Alvear,6221,54-(581)385-6473
594,Raynard,Brosch,9 Oxford Street,Shchëkino,301259,7-(769)760-7370
595,Donia,Balcombe,97935 Cordelia Avenue,Khodzhi-Gasan,,994-(373)654-4525
596,Gianni,Paolone,38 Hoepker Avenue,Ljungby,341 23,46-(560)680-5077
597,Hallie,Tribe,51346 Crescent Oaks Lane,Yingta,,86-(406)640-5753
598,Carree,Case,95 Mcbride Hill,Valuyki,309999,7-(870)212-2090
599,Farly,Crone,7 Nevada Lane,Krajan Keboromo,,62-(896)739-7636
600,Rowe,Sutheran,954 Springs Place,Watuka,,62-(874)409-3129
601,Eduardo,McCuthais,6 Texas Drive,Maumbawa,,62-(253)946-9812
602,Aland,Tax,27533 Banding Alley,Kalangsari,,62-(403)362-3962
603,Yves,Raffels,2974 Nobel Pass,Burgos,8424,63-(873)514-3516
604,Joanna,Rathe,63 Donald Pass,Tuanzhou,,86-(741)903-3414
605,Keith,Gosselin,36 Birchwood Drive,London,SW1E,44-(134)711-8947
606,Boniface,Coole,8967 Porter Alley,Meylan,38244 CEDEX,33-(347)567-7054
607,Christabella,Ford,5983 Artisan Lane,Tubarão,88700-000,55-(434)921-0566
608,Britni,Conville,49267 Anzinger Center,Honglan,,86-(583)569-8969
609,Page,Gregori,6 Thompson Park,Zürich,8042,41-(444)230-4452
610,Emmott,Benjamin,46847 Londonderry Pass,Kluczbork,46-203,48-(197)652-3201
611,Richy,McCrossan,8225 Prairieview Terrace,Kujung,,62-(215)403-2605
612,Timothee,Valentinuzzi,26 Granby Court,Przemków,59-171,48-(636)635-7176
613,Adena,Gawthorp,6 Barnett Road,Akwanga,,234-(686)347-8210
614,Ben,Rabjohns,446 Crest Line Drive,Chambishi,,260-(639)280-5604
615,Rebe,Slucock,9782 Grover Crossing,Poykovskiy,140231,7-(541)601-6147
616,Christi,Queen,8 Springs Circle,Phak Hai,31000,66-(324)698-1305
617,Karyn,de Werk,30315 Starling Hill,Darungan,,62-(960)837-7136
618,Harwell,Kubach,179 Meadow Valley Parkway,Padova,35129,39-(783)918-1101
619,Thane,Corteney,9 Melvin Lane,Maoping,,86-(637)885-5658
620,Emelia,Sorel,1 Shopko Point,Kalengwa,,260-(342)775-4672
621,Anet,Kryzhov,815 Summit Circle,Skien,3716,47-(766)576-9219
622,Rozele,Buffery,18885 West Parkway,Krasnogorskoye,659500,7-(411)334-6743
623,Jeremiah,Faherty,62 American Ash Park,Ajdabiya,,218-(974)184-3834
624,Danila,Dugan,448 Packers Point,McKinley,6214,63-(957)824-6036
625,Farly,Sailes,842 Mariners Cove Avenue,Kanchanaburi,31110,66-(103)188-2795
626,Aaron,Berringer,6590 Derek Drive,Shemonaīkha,,7-(455)286-7630
627,Merrily,McErlaine,450 Elka Pass,Jalanbaru,,62-(471)785-5370
628,Sanford,Esby,94114 Kedzie Junction,Yanweigang,,86-(364)889-9075
629,Caterina,Twopenny,5 Declaration Terrace,Mādārīpur,7904,880-(171)498-7221
630,Almeria,Dossit,8251 Forster Drive,Portland,97296,1-(503)182-1166
631,Melisse,Stirman,66140 Myrtle Pass,Fundación,10109,1-(897)463-8788
632,Robinet,Arrowsmith,85 Truax Street,Ḩablah,,970-(310)222-1946
633,Marley,Gorringe,62 Paget Drive,Longcun,,86-(578)309-3708
634,Lorianne,Mulder,0 Steensland Way,Soito,3460-710,351-(807)267-9307
635,Ernie,Carlens,54134 Hoard Trail,Zapala,8340,54-(958)658-3897
636,Cleon,Dryburgh,2243 Buhler Avenue,Spiczyn,21-077,48-(212)928-1161
637,Lyell,Gatus,5371 Mayfield Trail,Minbu,,95-(381)385-6386
638,Siffre,Gloyens,9 Eastwood Way,Chajarí,3228,54-(397)240-2083
639,Ali,Heritege,7 Burrows Parkway,Binzhou,,86-(677)891-2573
640,Seth,Hunstone,4457 Sloan Circle,Pinhal de Frades,2840-284,351-(659)604-2106
641,Arliene,Dryburgh,86806 Forest Terrace,Kobyzhcha,,380-(910)904-5542
642,Miguel,Skpsey,8653 Macpherson Drive,Sewon,,62-(528)952-3987
643,Glori,Kira,771 Del Sol Road,Bremerhaven,27576,49-(607)965-8850
644,Marlyn,Marzele,9 Arapahoe Way,La Maná,,593-(110)470-6292
645,Randy,Toal,5029 Lunder Lane,Ciodeng,,62-(985)582-6746
646,Ivette,Pavlata,1 Myrtle Lane,Khirdalan,,994-(574)466-3961
647,Niven,Purkiss,08329 Rieder Avenue,Donostia-San Sebastian,20010,34-(390)631-1444
648,Kristofer,Gurnell,73299 Clove Junction,Coulommiers,77529 CEDEX,33-(447)427-4246
649,Danni,Popland,42 Harbort Place,Verkhniy Mamon,396460,7-(874)474-6790
650,Rora,Janic,2355 Ruskin Road,Yinhe,,86-(764)827-3925
651,Calv,Glenwright,7437 Ridgeview Plaza,Daphu,,975-(880)255-8754
652,Cristabel,Scutchin,009 Summer Ridge Place,Novhorodka,,380-(950)776-3348
653,Doe,Keeffe,9463 Fairview Center,Migori,,254-(621)473-8066
654,Ad,Wanklyn,5 Crowley Park,Mernek,,62-(727)619-3065
655,Therine,Phare,0211 Center Avenue,Lewisporte,M2K,1-(882)911-1004
656,Jack,Woolford,2880 Shelley Avenue,Komletinci,32253,385-(432)221-2627
657,Hinda,Brevitt,31722 Rusk Circle,Surgut,628408,7-(400)324-9617
658,Jelene,Ranyelld,7 Commercial Trail,Limenária,,30-(995)493-4237
659,Parnell,Hansford,6 Sommers Hill,Krivodanovka,630511,7-(913)706-4011
660,Gregorius,Feechan,00159 Reindahl Hill,Santa Rita Aplaya,4201,63-(708)636-6508
661,Milt,Witcombe,29 Barnett Trail,Mosty,84-353,48-(655)366-1231
662,Franky,Sansam,9307 Vernon Center,Dawang,,86-(197)770-7875
663,Faina,Braganca,7530 North Road,Cimaragas,,62-(174)968-0904
664,Enriqueta,Jeannel,7 Melody Circle,Kunda,,372-(476)874-6158
665,Rianon,Petche,264 Jenna Pass,Fristad,513 91,46-(345)330-4071
666,Matthaeus,Redemile,2350 East Street,El Regalo,,58-(451)198-9972
667,Alexandre,Casely,78452 Coolidge Road,Thoen,52160,66-(977)807-6025
668,Hunter,Kenset,4292 Pierstorff Point,Banfora,,226-(275)418-5939
669,Pepillo,Greedy,1732 Pankratz Trail,Chiduo,,86-(432)149-4080
670,Carmelia,Wye,65928 John Wall Center,Ganxi,,86-(945)758-8139
671,Bourke,Bray,66859 Beilfuss Circle,Bolo,4201,63-(543)681-2072
672,Dud,Ordemann,68 Dryden Parkway,Luzhang,,86-(943)688-4343
673,Almeria,Exelby,4880 Muir Trail,Všetaty,270 21,420-(712)321-1924
674,Frans,Forshaw,4828 Pine View Parkway,Kadubera,,62-(672)893-5889
675,Samuel,Fairholme,27 Lighthouse Bay Place,Torez,,380-(469)135-6482
676,Hymie,Poundesford,0 Anderson Alley,Benoni,1527,27-(765)416-5193
677,Sollie,Arpur,6 Delladonna Way,Qukës-Skënderbe,,355-(446)277-2062
678,Merrie,Sexti,772 Northland Terrace,Pedrulheira,2430-328,351-(438)988-2674
679,Ailee,McQuillen,4 Texas Junction,Pandansari,,62-(682)640-6763
680,Adoree,Roderick,04467 Sheridan Alley,Natonin,2624,63-(133)249-4485
681,Xylina,Brithman,96 Old Gate Alley,Maceda,3885-705,351-(890)300-9483
682,Eada,Lobbe,2 Sherman Crossing,Lindavista,95098,52-(769)179-3188
683,Hazlett,Yeandel,39 Magdeline Way,Krasnotorka,,380-(581)795-8024
684,Ammamaria,Gaskins,21215 Boyd Plaza,Barlinek,74-320,48-(129)418-3664
685,Roscoe,Bondy,702 Village Green Trail,Nantes,44966 CEDEX 9,33-(618)357-4284
686,Gunter,Sloper,26307 School Road,Rača,,381-(256)234-8206
687,Aharon,Madgewick,87 Mesta Pass,Infanta,4336,63-(432)918-4432
688,Ian,Emmer,686 Bowman Junction,Faranah,,224-(606)407-1012
689,Fremont,Castangia,8357 Towne Road,Jin’an,,86-(880)578-0005
690,Murray,Witherspoon,261 Steensland Circle,Sacramento,95852,1-(916)286-0819
691,Elmore,Petrie,09917 Carberry Plaza,Catu,48110-000,55-(131)152-5230
692,Denys,Schoroder,12 Summit Park,Serra Talhada,56900-000,55-(307)991-0529
693,Calla,Paolone,96 Caliangt Crossing,Tsybulevka,,380-(823)102-7115
694,Caddric,Dryden,77939 Holy Cross Alley,Longmen,,86-(396)955-2807
695,Fletcher,Smithson,5 Acker Terrace,Kawm Umbū,,20-(309)982-1633
696,Flossy,Snodden,2 Corscot Road,Rahayu,,62-(337)275-1859
697,Janetta,Wreiford,0139 6th Terrace,Cabreúva,13315-000,55-(635)930-3890
698,Wendye,Cankett,99 Kipling Street,Prnjavor,,381-(549)511-4742
699,Lauren,Darrigrand,2392 Huxley Way,Eksjö,575 35,46-(569)172-1522
700,Cooper,Simanek,952 Westport Point,Lupak,,62-(422)433-5481
701,Yul,Blowne,91 Eastwood Crossing,Rovnoye,413270,7-(271)144-2946
702,Maria,Amott,67932 Gateway Circle,Sassandra,,225-(236)167-5619
703,Marlee,Trunchion,760 Jay Hill,Ouani,,269-(589)620-7357
704,Hasty,Gozard,43842 Riverside Crossing,Saintes,17104 CEDEX,33-(632)226-4139
705,Iver,Fermer,628 Forster Court,Sa‘sa‘,,963-(533)433-4621
706,Bird,Bestwick,381 Westport Crossing,Mali,,86-(253)574-4661
707,Riley,Gramer,44134 Darwin Parkway,San Cristóbal,,58-(729)831-5261
708,Hilde,Gherarducci,2717 Johnson Circle,Misungwi,,255-(460)182-8308
709,Laurel,Gawler,4 Surrey Street,Palhais,2830-449,351-(452)125-1215
710,Cyndi,Ivison,32 Ohio Pass,Uppsala,754 20,46-(190)520-9249
711,Marrilee,Grimsdike,40767 Valley Edge Trail,Madison,53726,1-(608)900-2872
712,Zsa zsa,Fonteyne,296 Glacier Hill Alley,Visby,621 85,46-(453)306-1193
713,Costa,Stribling,722 Amoth Street,Huicheng,,86-(524)959-4710
714,Paddie,Evelyn,87 Tennessee Way,Videm pri Ptuju,2284,386-(453)373-6224
715,Ody,Munson,70482 Prairie Rose Center,Tessaoua,,227-(190)685-8986
716,Nelia,Bowbrick,8167 Russell Road,Kuteynykove,,380-(154)572-6120
717,Zebulen,Cookson,75966 Holmberg Park,Nielisz,22-413,48-(672)167-0843
718,Wenda,Repper,249 Leroy Parkway,Santo Domingo Oeste,11205,1-(912)367-5470
719,Mata,Naisbitt,9464 Independence Terrace,Dearborn,48126,1-(734)245-9615
720,Ethelyn,Baiss,785 New Castle Point,Puteaux,92804 CEDEX,33-(560)133-7997
721,Cordula,McCalum,1936 Texas Park,Rancakuya,,62-(490)880-4097
722,Zonnya,Androletti,03738 Nobel Avenue,Länsi-Turunmaa,33450,358-(763)191-8116
723,Barde,Dauney,6 Lunder Circle,Serang,,62-(136)903-1546
724,Sylvia,Luttgert,345 Waywood Terrace,Gongji,,86-(748)662-6968
725,Vernon,Springham,2312 Forster Junction,Saint-Quentin-en-Yvelines,78093 CEDEX 9,33-(860)860-7172
726,Joe,Darley,77342 Anthes Road,Wangzuo,,86-(845)956-2069
727,Arleen,Sharland,58 Manufacturers Court,Baiyushan,,86-(928)997-9691
728,Dori,Corah,25 Summerview Parkway,Jacobina,44700-000,55-(381)222-9267
729,Vincent,Hutsby,15569 Porter Circle,Satipo,,51-(595)453-5865
730,Charlene,Cormode,31701 Holy Cross Plaza,Negla,,62-(741)590-4401
731,Beatriz,Alanbrooke,8 Green Avenue,Puerto Nariño,911018,57-(148)386-8735
732,Elnore,Goldin,935 Alpine Terrace,Ndofane,,221-(345)682-6220
733,Esma,Levet,1510 Delladonna Lane,Güira de Melena,,53-(775)369-6250
734,Lucas,Vaughan,6919 Del Sol Road,Kičevo,6262,389-(209)754-5311
735,Clarine,Masson,73323 Erie Avenue,Cipaku,,62-(190)598-1301
736,Gwenny,Pigne,4 Emmet Circle,Araguaína,77800-000,55-(813)573-7588
737,Keen,Vasyunin,136 Michigan Terrace,Picton,S0H,1-(842)117-4300
738,Omar,Reddihough,4 Elmside Crossing,Imbang,6116,63-(913)677-8258
739,Vita,Tritten,71 Loomis Drive,Rudniki,46-325,48-(778)566-2017
740,Rudiger,Cocher,78694 Merry Place,K’olīto,,251-(284)316-8402
741,Ariana,Barras,8895 Meadow Vale Road,Kalangala,,256-(332)174-3494
742,Skip,Cinavas,003 Little Fleur Circle,Komyshuvakha,,380-(545)461-4565
743,Fernando,Blacklidge,65656 Fisk Crossing,Safi,,962-(725)277-7223
744,Ely,Cowderay,81294 Hooker Point,Cakungsari,,62-(233)365-8450
745,Dominica,Astlatt,1 Ridgeway Drive,Hpa-an,,95-(386)765-5392
746,Arlene,Etchingham,500 Lakewood Lane,Xiaohe,,86-(938)117-3227
747,Carson,Paoloni,01501 Talisman Center,Bulung’ur,,998-(812)160-2690
748,Angel,McDermott,5 Crownhardt Pass,Ābdānān,,98-(177)634-0441
749,Nevil,Malt,3647 Anthes Hill,Michałów,28-411,48-(763)911-7464
750,Carlin,Armfield,407 Roxbury Center,Cercal,2490-105,351-(429)101-4801
751,Michelina,Abbe,10 Carberry Park,Saint-Étienne,42021 CEDEX 1,33-(306)100-0101
752,Shanan,Findlater,725 Dawn Alley,Yunmenling,,86-(448)366-1797
753,Gibb,Botly,38298 Bay Point,Bauru,17000-000,55-(117)662-4882
754,Cassey,Sandercroft,487 Kinsman Road,Fufang,,86-(618)499-6243
755,Berkley,Laurencot,0521 Erie Center,Butere,,254-(932)219-7038
756,Claudianus,Jepensen,33 Express Avenue,Bulog,2419,63-(593)911-1978
757,Marya,Vaisey,84683 Jay Drive,Leuwibuleud,,62-(971)657-2246
758,Petrina,Voice,1 Killdeer Pass,Rates,4570-414,351-(776)549-8918
759,Glyn,Gotts,19503 Stone Corner Crossing,Hammam Sousse,,216-(372)122-8290
760,Royce,Waples,8 Stang Street,Niños Heroes,89359,52-(506)540-0253
761,Judi,Carder,6259 Sommers Avenue,Subotica,,381-(481)449-7876
762,Haily,Brito,7 Anhalt Court,Morales,134548,57-(772)188-0389
763,Caryl,Abarough,8625 Maywood Circle,Catu,48110-000,55-(102)535-7066
764,Brinn,Beedham,3327 Vera Street,Lamatuka,,62-(539)524-8652
765,Karalee,Gregor,7 Miller Center,Szczawno-Zdrój,58-310,48-(195)107-4187
766,Cally,Cleife,95974 Magdeline Pass,Cầu Gồ,,84-(113)675-1178
767,Bobbee,Guye,22 Anniversary Point,Toguchin,633456,7-(759)442-5657
768,Raoul,Tams,4152 Westridge Lane,Ćićevac,,381-(373)544-7436
769,Bobby,Isham,58 Warbler Court,Krajan Gading,,62-(513)552-0673
770,Agna,Dorgan,69493 East Court,Karangarjo,,62-(246)314-5176
771,Reinwald,Wilds,66446 Washington Place,Ban Khlong Bang Sao Thong,10560,66-(261)770-7147
772,Elnora,Vernazza,3437 Mccormick Hill,Kongwan,,86-(376)822-4581
773,Joanne,Mathivat,2699 Clemons Drive,Medvedok,613451,7-(971)800-9705
774,Anya,Crighton,6 Park Meadow Hill,La Cruz,47707,52-(736)644-5689
775,Robinetta,Gabbitus,7 Killdeer Way,Brzozów,36-200,48-(425)656-3677
776,Ermentrude,Jacquot,5626 5th Alley,Muroran,634-0814,81-(204)886-7150
777,Stephanie,Darke,85 Village Parkway,Golovchino,309379,7-(936)530-5738
778,Franz,Stickings,622 Forster Hill,Polje,,387-(259)532-1472
779,Tiphani,Yakebowitch,82178 Bayside Place,Midlands,,230-(130)607-2301
780,Abdul,Champain,7409 Mariners Cove Pass,Tongole,,232-(542)506-3506
781,Pauline,Annice,61790 Thompson Road,Grijó,4415-400,351-(828)231-4315
782,Mallissa,Corbridge,429 Oak Valley Junction,Agkathiá,,30-(861)765-0337
783,Olympe,Nealon,599 8th Hill,Sanpai,,86-(589)745-6625
784,Enrica,Djekic,1661 Vera Point,Villa Cañás,2607,54-(493)517-7335
785,Elayne,Seth,19 Prentice Parkway,Arenal,,51-(673)796-2917
786,Bone,Wakeford,1 Judy Junction,Cherepovets,162674,7-(464)754-4854
787,Klement,Lowrey,59416 Dennis Park,Alcabideche,2645-024,351-(151)853-2306
788,Heidi,O'Rafferty,57 West Drive,Pouzauges,85708 CEDEX,33-(439)643-8284
789,Ev,Ellings,187 Melby Point,Três Lagoas,79600-000,55-(356)677-6026
790,Ilise,Thoumas,3631 Blackbird Court,Karmaskaly,453150,7-(274)954-3744
791,Giacopo,Winterflood,155 Del Sol Parkway,Jingmao,,86-(180)538-5916
792,Norby,Mugglestone,3720 Dayton Pass,Dashu,,86-(730)394-9884
793,Falkner,Pillans,430 Holy Cross Avenue,Kórnik,62-035,48-(791)966-3450
794,Meagan,Tofful,5 International Pass,Qal‘ah-ye Fārsī,,93-(271)261-7617
795,Nanon,Wasselin,943 Main Terrace,Norrköping,601 81,46-(237)867-3478
796,Erasmus,Dimitriades,4685 Havey Terrace,Takahagi,350-1213,81-(725)139-3013
797,Yurik,Skydall,3121 Hauk Hill,Tebingtinggi,,62-(888)932-6901
798,Leontyne,Brettell,16 Texas Plaza,Gunjur Kuta,,220-(458)423-5884
799,Agathe,Avery,79719 Rieder Pass,Hässelby,165 13,46-(655)571-3731
800,Tarrance,Seegar,5479 Lotheville Hill,Bistrica pri Tržiču,4290,386-(111)792-2291
801,Storm,Grealey,53267 Warrior Center,Tangnan,,86-(571)638-0223
802,Kris,Hapke,3943 Ramsey Avenue,Billère,64145 CEDEX,33-(690)369-4137
803,Ciel,Delamaine,50231 American Ash Lane,Santo Niño,6711,63-(236)186-0701
804,Loralie,Kimmitt,9 Chive Avenue,Huangfang,,86-(546)282-5348
805,Austin,Dunnet,31 Melby Hill,Teutônia,95890-000,55-(498)876-4626
806,Hinze,Scimonelli,99 Lukken Avenue,Pekan,26620,60-(996)634-7395
807,Cob,Pressland,91 Pennsylvania Terrace,Zhangping,,86-(989)918-4942
808,Marve,Giovannazzi,27383 Cherokee Drive,Nikolayevskaya,347272,7-(441)365-1036
809,Nikkie,Sibary,7154 Mariners Cove Lane,Tetyushi,422396,7-(917)421-9994
810,Kingston,Castagna,6 Sommers Parkway,Budapest,1213,36-(304)338-9306
811,Cindee,Senn,81 Merrick Hill,Vila Franca de Xira,2600-015,351-(199)377-5152
812,Jilly,Povele,74 Shopko Crossing,Xinghua,,86-(650)107-5901
813,Maridel,Quick,58 Merrick Center,København,1770,45-(783)343-7053
814,Locke,Moffett,74 Alpine Alley,Tatou,,86-(981)638-3917
815,Zarah,Cordelle,462 Anniversary Plaza,Al ‘Azīzīyah,,218-(530)914-3768
816,Rosene,O'Loghlen,8 Maple Wood Junction,Baturyn,,380-(564)338-2795
817,Gerri,Pennino,1574 David Point,Jatipamor,,62-(704)973-5062
818,Micky,Pimlott,13036 Prentice Street,Kawangu Satu,,62-(835)465-7052
819,Boot,Bilfoot,0605 Spaight Trail,Boshchorbogh,,992-(367)986-1932
820,Hamlen,Buckthorpe,5008 Mifflin Lane,Kayima,,232-(289)865-9470
821,Sherm,Haws,562 Dottie Lane,Béré,,235-(533)816-4780
822,Fania,Sousa,936 Alpine Court,Cotorra,230507,57-(216)388-2629
823,Chrystel,Heaney`,59 Sunnyside Crossing,Ciguna,,62-(493)835-5057
824,Bartlett,Manilo,2506 Burning Wood Lane,Villeneuve-la-Garenne,92393 CEDEX,33-(109)693-5922
825,Hobart,Davydoch,0 Kedzie Park,Mojimán,,504-(631)195-5737
826,Kimberlee,Jessop,5024 Arrowood Crossing,Belogorsk,676859,7-(270)696-4973
827,Vic,Giacometti,98 Eliot Road,Konibodom,,992-(536)605-4411
828,Earlie,Karadzas,5993 Banding Place,Bogandinskiy,625520,7-(563)513-2479
829,Drusilla,Lauritsen,21051 Oak Plaza,Tessalit,,223-(931)543-7671
830,Bartholomeo,Simenet,5715 Brown Lane,Torres Vedras,2560-234,351-(289)603-9769
831,Jorey,Parratt,59 Schmedeman Place,Xundian,,86-(780)444-6059
832,Cammy,Behnecke,36953 Esker Hill,San Bernardo,3328,63-(496)427-3906
833,Valma,Raun,4 Carioca Street,Krông Kmar,,84-(475)708-1530
834,Kareem,Meaddowcroft,949 Farwell Circle,Monte Novo,7780-256,351-(500)916-4859
835,Joly,Cereceres,2 Havey Street,Magsalangi,2624,63-(336)840-1071
836,Sandro,Gingel,8503 Brentwood Court,Kostomuksha,186932,7-(186)979-3828
837,Karlan,Denisyev,3 Mallory Road,Gampaha,11000,94-(904)249-8691
838,Conroy,Eddison,38294 Clyde Gallagher Avenue,Tuzha,612200,7-(872)982-5986
839,Austin,Shatliff,43 Burning Wood Crossing,Preko,23273,385-(866)829-7581
840,Nial,Gateshill,5334 Buhler Way,Leramatang,,62-(218)912-1030
841,Benn,Cannings,86027 Clarendon Center,Merrifield,22119,1-(571)116-0639
842,Skipp,Jankin,4958 Evergreen Avenue,Singaparna,,62-(152)341-2561
843,Edi,Ambage,504 Randy Hill,Nova Petrópolis,95150-000,55-(877)945-1510
844,Lucienne,Dagleas,10968 Hanover Pass,Piracaia,12970-000,55-(978)251-3353
845,August,Schwartz,58 Southridge Place,Futian,,86-(596)241-5431
846,Felicity,Lamberts,28 Oxford Lane,Vidago,5425-305,351-(712)687-3613
847,Gail,Beavan,83 Mesta Lane,Kuala Lumpur,50672,60-(205)344-1757
848,Taddeusz,Hillock,10 Hoard Parkway,Balud,5412,63-(165)848-1334
849,Linus,Furnival,2 Veith Road,San Ignacio de Tupile,,507-(294)723-7629
850,Gav,Halvosen,100 Amoth Plaza,Jambu,,62-(649)426-1339
851,Marthe,Tibalt,35215 Rowland Point,Torrijos,4903,63-(622)989-7809
852,Catrina,Eddolls,9781 Village Green Point,Sokodé,,228-(284)159-1173
853,Kevyn,Swinfen,2 Eastlawn Parkway,Obertyn,,380-(479)414-8926
854,Lauren,Pelfer,4 Eastlawn Trail,Famatina,4203,54-(780)440-7696
855,Adriane,La Torre,5780 Arizona Avenue,Wantou,,86-(661)143-7179
856,Lamar,Brunroth,154 Marcy Hill,Kharbathā Banī Ḩārith,,970-(507)804-2915
857,Shina,Telezhkin,276 Kennedy Terrace,Huangbao,,86-(844)478-2013
858,Joell,Batsford,63073 Sloan Road,Suizhong,,86-(402)452-2404
859,Anya,Antal,2366 Bobwhite Hill,Cogon,1686,63-(664)486-9079
860,Lanny,Torrance,470 Delladonna Way,Vale de Vila,5130-472,351-(110)682-8193
861,Paloma,Daveridge,355 Mosinee Crossing,Xitan,,86-(590)458-5223
862,Kalil,Lohering,610 Sage Park,Murici,57820-000,55-(350)358-0924
863,Chauncey,Pagden,53 Amoth Pass,Handan,,86-(633)196-8607
864,Hugues,Tabourin,06789 Pine View Street,Winneba,,233-(893)896-0707
865,Tawsha,Whittlesea,22923 Heffernan Drive,Nglorogan,,62-(578)164-6951
866,Pebrook,Lyddyard,740 Thackeray Trail,Stockholm,115 37,46-(999)319-7028
867,Rubia,Beautyman,11657 Graceland Pass,Yongtai,,86-(885)655-2273
868,Gary,Caplin,67791 Bobwhite Way,Rajal Norte,6130,63-(581)893-5711
869,Atalanta,Scudder,015 Carioca Point,Hägersten,129 07,46-(534)179-5869
870,Maddy,Lewing,66 Moland Place,Ngampon,,62-(770)480-2027
871,Janel,Shalcras,8860 Atwood Court,Jixiang,,86-(143)975-0528
872,Les,Skunes,11 Division Center,Nihaona,,62-(554)965-5232
873,Deeanne,Harrild,11918 Algoma Way,Tuanshan,,86-(467)117-5543
874,Almire,Ortzen,25 Forest Dale Alley,Bulgan,,976-(859)707-0232
875,Hughie,Dalby,282 West Terrace,Changxingbao,,86-(696)934-8735
876,Ogdan,Biffin,6 Maryland Street,Nāḩiyat Alī ash Sharqī,,964-(366)150-0169
877,Barbette,Queenborough,355 Weeping Birch Park,Xiatang,,86-(735)249-3505
878,Lucias,Goretti,3653 Browning Park,Norrköping,603 72,46-(611)538-6617
879,Gregoor,Wheaton,3 Barby Alley,Rancaerang,,62-(472)757-5087
880,Chevalier,De Ruggiero,718 Moose Point,Sucre,703038,57-(388)374-4699
881,Westleigh,Godney,8 Michigan Alley,Paris 18,75863 CEDEX 18,33-(194)775-1263
882,Talbot,Bener,7594 Fairfield Drive,Santa Rosa de Aguán,,504-(721)889-0737
883,Hendrick,Sterzaker,25610 Armistice Parkway,Obama,976-0022,81-(559)266-4929
884,Burnaby,Itzig,30514 Jay Pass,Várzeas,2425-507,351-(380)290-1443
885,Amberly,Ick,7 Northwestern Way,Ritchie,8701,27-(863)947-3972
886,Tomasina,Medd,17967 Pennsylvania Parkway,Nîmes,30028 CEDEX 9,33-(386)859-8489
887,Mortimer,Thome,22 Spaight Avenue,Pasarbaru,,62-(614)693-9402
888,Tallie,MacKeller,8837 Dawn Terrace,Zapolyarnyy,184433,7-(895)190-0767
889,Averill,Auletta,4 International Drive,Kotel’va,,380-(402)973-6637
890,Rutledge,Pauley,0125 Grim Alley,Kimry,171508,7-(146)292-5746
891,Charity,Sparry,05 Vera Junction,La Chapelle-sur-Erdre,44244 CEDEX,33-(822)847-7872
892,Sherie,felip,4 Gerald Circle,Grenoble,38035 CEDEX 2,33-(336)184-3767
893,Conrado,Corroyer,52785 Village Green Way,Jajce,,387-(146)203-1858
894,Vinson,Enderby,74 American Ash Alley,Tokuyama,526-0212,81-(151)446-0047
895,Garey,Jumeau,18 Farmco Avenue,Drenova,51301,385-(735)441-8186
896,Tabbie,Lowensohn,9 Sommers Alley,Lomboy,1126,63-(263)226-8203
897,Florina,Leader,75070 Kensington Parkway,Bordeaux,33050 CEDEX,33-(629)807-9276
898,Cristie,Sterley,835 Heath Drive,San Diego,3609,63-(762)160-2602
899,Thorpe,Austen,53268 Florence Point,Shimen,,86-(916)263-1818
900,Tammie,Gascar,6267 Maywood Center,Campamento,,504-(425)985-5471
901,Kira,Showt,145 Sherman Road,Arras,62972 CEDEX 9,33-(440)152-7826
902,Marie-ann,Lanceter,8 Emmet Lane,Paccha,,51-(602)501-1374
903,Al,Bromet,63559 Norway Maple Circle,Yuanquan,,86-(767)466-6557
904,Garold,Cockburn,3 Walton Park,Ticllos,,51-(156)223-9105
905,Abey,Chastan,6 Linden Plaza,Novyy Oskol,309642,7-(331)621-2245
906,Neddie,Battleson,4180 Jay Way,Paris 15,75509 CEDEX 15,33-(485)488-1215
907,Orelie,Goakes,56 Fuller Court,Lynchburg,24515,1-(434)435-6030
908,Rafaela,Devine,12166 Bowman Drive,Bitanjuan,4408,63-(753)330-8642
909,Lulu,Daventry,247 Moland Circle,Kuala Lumpur,50762,60-(352)465-4000
910,Corie,Ibarra,53 Vernon Plaza,Bakungan,,62-(873)875-5834
911,Morganica,Reiners,8 Ludington Way,Tavricheskoye,646800,7-(425)629-2877
912,Loni,Wilflinger,81705 Kim Circle,Dresi Wetan,,62-(691)869-2177
913,Elana,Epton,21 American Point,Vila Chã,3505-209,351-(841)107-0875
914,Zebulon,Boddy,61223 Lerdahl Point,Września,62-314,48-(456)484-8162
915,Ronnica,Ritchard,1080 Cottonwood Place,Malasin,3707,63-(440)419-0652
916,Lida,Ellerey,31 Riverside Pass,Kondoa,,255-(716)917-4989
917,Hildegaard,Binden,96 Stoughton Circle,Dallas,75310,1-(214)700-0636
918,Niven,Rulten,18 Arizona Trail,Datagon,3605,63-(181)125-8624
919,Pavla,Wash,4 Sunbrook Pass,Zagora,,212-(228)826-1124
920,Nigel,Haimes,2532 Fordem Lane,Los Angeles,81426,52-(551)625-2228
921,Mikel,Rumney,9243 Monterey Trail,Banjar Taro Kelod,,62-(326)646-4170
922,Aggie,Kumar,00 Sheridan Plaza,Chiara,,51-(977)418-8850
923,Casper,Sedgemore,7314 Pankratz Circle,Solna,171 05,46-(621)977-2538
924,Albertina,Solesbury,5757 Waxwing Parkway,Bilice,34310,385-(170)695-4527
925,Leodora,Downe,4144 Main Junction,San Rafael,94913,1-(415)276-7486
926,Lucy,Yewdall,2248 Bunker Hill Circle,Jianqiao,,86-(328)858-7674
927,Eugen,Skidmore,10438 Sachs Place,Aparecida,12570-000,55-(639)786-4898
928,Leann,Toplin,9 Graedel Hill,Ivry-sur-Seine,94857 CEDEX,33-(258)648-4026
929,Marcella,Burnall,826 Merchant Parkway,Dasi,,86-(296)153-4434
930,Jorge,Leyfield,4 Harper Avenue,Birqīn,,970-(952)186-1726
931,Berkie,Hulson,232 Little Fleur Junction,Volgo-Kaspiyskiy,416357,7-(203)239-6576
932,Hilda,Mawman,3105 Eggendart Point,Kłoczew,08-550,48-(943)929-2371
933,Deb,Cockshot,422 Vera Place,Zamboanguita,1812,63-(634)837-8577
934,Wenda,Kopfer,891 Southridge Road,Marugame,870-0122,81-(265)381-8293
935,Gabi,Steen,695 Hovde Lane,Tamatam,,691-(488)214-6951
936,Efren,Lippitt,0920 Gina Drive,Karakul’,,998-(158)507-4758
937,Efren,Trigwell,33 Kennedy Circle,Novyy Oskol,309642,7-(251)136-4167
938,Guglielma,Latan,2 Jana Street,Agara,,995-(641)671-4957
939,Ward,Fulop,4 Aberg Terrace,Wilmington,19805,1-(302)792-1727
940,Bert,Sanbrook,91161 Sugar Street,Gonghe,,86-(471)544-8494
941,Pen,McNerlin,0 Troy Lane,Daszewice,30-533,48-(614)623-0562
942,Fremont,Fazan,3 Pond Plaza,Yangzhen,,86-(567)798-4614
943,Arleen,Durram,7752 Hovde Court,Pasirnangka,,62-(537)276-0362
944,Lutero,Challener,5 Farwell Court,Sundsvall,857 42,46-(277)627-4059
945,Morgun,Cogin,42562 Roxbury Court,Kačanik,,383-(117)196-8971
946,Stephanus,Illston,3504 Helena Circle,Qal‘ah-ye Shāhī,,93-(177)543-0982
947,Wandie,Forster,2 Crescent Oaks Terrace,Jiakexi,,86-(311)434-0409
948,Harbert,Ropert,1716 Sachtjen Lane,Qianying,,86-(795)643-0955
949,Marieann,Thewless,168 Hudson Parkway,Keffi,,234-(886)892-0727
950,Madelina,Adamovsky,688 Ridge Oak Avenue,Wringinputih,,62-(445)745-3456
951,Diarmid,Scaice,714 Nobel Place,Vera Cruz,7220-565,351-(566)522-8332
952,Amabelle,Hardaway,626 Northland Terrace,Bulalacao,5214,63-(972)442-6370
953,Josee,Piechnik,3029 Rockefeller Alley,Negararatu,,62-(411)846-9193
954,Lorelle,Creedland,2 Moland Junction,Jiuzhen,,86-(502)712-9627
955,Blinnie,Chittleburgh,7023 Shelley Avenue,Dembī Dolo,,251-(715)862-1598
956,Karlik,Rain,38908 Ronald Regan Avenue,Orong,,62-(304)364-7442
957,Marya,Tullett,6 Parkside Way,Nantes,44036 CEDEX 1,33-(544)795-4332
958,Iris,Laurance,588 Crowley Trail,Rondonópolis,78700-000,55-(447)225-3201
959,Charis,Brotherick,1 Messerschmidt Plaza,Tsiatsan,,374-(439)862-5523
960,Lyell,Lebourn,3180 Buell Avenue,Bulo,2510,63-(943)165-7342
961,Verna,Tidcombe,18490 Vernon Way,Ōdate,270-0105,81-(275)965-9335
962,Davis,O'Kenny,6228 Springs Lane,New Plymouth,4342,64-(279)125-3285
963,Rubi,Archell,84325 Buena Vista Way,Sanom,91130,66-(462)112-3524
964,Tremayne,Janauschek,11094 Schurz Point,Callahuanca,,51-(824)932-8817
965,Riki,Durtnell,9132 Buhler Way,Hirara,906-0301,81-(554)551-4289
966,Gerik,Gatehouse,39134 Lien Trail,Dake,,86-(908)952-7316
967,Cherey,Levine,2 Longview Park,Xiji,,86-(982)286-4986
968,Amos,Proppers,00939 Truax Terrace,Ōkuchi,895-2635,81-(221)602-2420
969,Frasco,Goward,4 Manufacturers Center,Aībak,,93-(828)255-2718
970,Glenine,Clayhill,1 Golf Course Court,San Jose,95643,52-(293)373-3432
971,Shalna,Hartless,69 Toban Way,Bayamo,,53-(128)650-3376
972,Augusta,McSwan,900 Declaration Place,Kloangpopot,,62-(414)526-5421
973,Clemens,Winchester,72733 Linden Avenue,Vimieiro,4705-656,351-(629)308-3637
974,Gillie,Rathborne,8 Express Junction,Wang Nam Yen,27120,66-(511)141-8782
975,Liv,Asmus,40 Walton Way,Gobernador Ingeniero Valentín Virasoro,3342,54-(515)980-6027
976,Kearney,Windous,308 Pond Pass,Alegria,8425,63-(220)294-1014
977,Nedi,Douse,61 Claremont Pass,Cimadang,,62-(940)595-8250
978,Gloriana,Seamer,89485 Weeping Birch Junction,Komyshnya,,380-(245)429-5819
979,Ainslie,Blue,271 Buell Terrace,Persen,,62-(331)418-3210
980,Gayelord,Daily,8 Sunbrook Pass,Guangchen,,86-(139)161-8362
981,Rhiamon,Melmar,755 Blaine Street,Malahide,K36,353-(693)992-6023
982,Trefor,Staines,1 Hovde Lane,Pétange,L-8381,352-(355)470-3483
983,Storm,Broderick,34 Sherman Park,Pangascasan,2504,63-(869)290-1224
984,Rubin,Tawse,57 Mcguire Drive,Butigui,3508,63-(988)859-5561
985,Solly,Bluschke,72846 Mockingbird Way,Yifaquan,,86-(739)858-6421
986,Frasco,Grono,83 Northfield Center,Pétange,L-8381,352-(313)834-5065
987,Broddie,Knappett,54386 Columbus Drive,General Luna,5419,63-(334)549-5775
988,Leupold,Macrae,1075 New Castle Junction,Umm Kaddadah,,249-(602)441-7967
989,Sadye,Beves,3 Eastwood Way,Cosne-Cours-sur-Loire,58209 CEDEX,33-(213)344-2748
990,Nilson,Kinchlea,2 Rigney Park,Manga,4506,63-(233)495-9774
991,Tracie,Arp,82753 Leroy Alley,Bābol,,98-(678)378-6633
992,Rosalyn,Fairbourn,503 Forest Crossing,Séléa,,269-(215)517-9339
993,Neall,MacDearmont,653 4th Parkway,Bell Ville,2550,54-(897)262-0193
994,Jeanelle,Melanaphy,679 Melvin Hill,La Reforma,12021,502-(886)788-2630
995,Arturo,McGooch,11 Namekagon Lane,Övertorneå,957 32,46-(378)919-7062
996,Ashia,Burgane,19184 6th Pass,Berlin,13347,49-(964)614-6371
997,Bride,Aldritt,1 Ludington Alley,Boksitogorsk,187642,7-(325)999-0254
998,Terencio,Elgee,202 Pennsylvania Circle,Shangdian,,86-(505)380-0651
999,Parsifal,Rennels,05830 Warrior Park,Hŭngju-dong,,850-(540)642-6640
1000,Catlin,Zack,825 Shoshone Street,Watsa,,242-(631)865-5872
