Mathe,Laird,626 Eastlawn Place,Atlanta,GA,30356
Tammy,Dearlove,64 Colorado Alley,Tulsa,OK,74149
Nichol,Zincke,17564 Holy Cross Park,Charleston,WV,25331
Marietta,Mulberry,19169 Service Crossing,Fort Lauderdale,FL,33345
Hagan,Lovell,4 Hoard Pass,Oklahoma City,OK,73167
Sandor,Dalgarno,3470 Eagle Crest Park,Inglewood,CA,90310
Eduino,Brigge,24894 Vernon Center,Birmingham,AL,35279
Danette,Witherup,1 Mosinee Trail,Colorado Springs,CO,80915
Julianna,Bosquet,0728 Milwaukee Junction,Abilene,TX,79699
Agnesse,Bedham,396 Valley Edge Parkway,Tulsa,OK,74141
Dickie,Blazewski,97238 Del Mar Crossing,New York City,NY,10203
Marty,Seares,74043 Southridge Hill,Hartford,CT,6152
Davida,Codman,50196 Pond Terrace,El Paso,TX,79945
Nana,Matveyev,130 Stephen Street,Canton,OH,44760
Keri,Radwell,93 Bartelt Place,Dallas,TX,75221
Camella,De Meis,81 Westend Court,San Antonio,TX,78220
Sonny,Emmanuel,90 Center Circle,Columbia,SC,29203
Lyndsay,Savill,3 Starling Trail,Los Angeles,CA,90065
Micki,Pomroy,0 Vernon Place,Atlanta,GA,31106
Rance,Reston,0580 Melrose Drive,Wilkes Barre,PA,18768
Berny,Hearfield,1 Chinook Parkway,Pueblo,CO,81005
Paulina,Bolger,369 Heffernan Park,San Francisco,CA,94147
Lilyan,Vosper,2012 Merrick Way,Boise,ID,83727
Jesus,Alliband,97 Daystar Plaza,Atlanta,GA,30306
Andie,Prujean,590 Jackson Alley,Cleveland,OH,44111
Brice,Stiegars,14669 Monterey Drive,Norfolk,VA,23509
Lem,Bande,0 Union Terrace,Washington,DC,20557
Rosanne,Pavy,28013 Riverside Plaza,Denver,CO,80241
Opal,Rapsey,65955 Melby Road,Charleston,SC,29403
Ely,Huckin,6956 Jenifer Junction,Morgantown,WV,26505
Scottie,Cleatherow,662 Walton Hill,New Orleans,LA,70165
Inger,Alliott,21 Kedzie Road,Charleston,WV,25326
Rog,Benzies,86 Nancy Pass,Santa Monica,CA,90410
Rockey,McAndie,217 Towne Alley,Waterbury,CT,6721
Erick,Chatin,7 Holmberg Parkway,Sacramento,CA,94230
Konstantin,Stuke,989 Pankratz Terrace,Philadelphia,PA,19136
Paolina,Gaynsford,06 Oakridge Crossing,Dearborn,MI,48126
Rey,Sor,82572 Gerald Center,Salt Lake City,UT,84115
Fannie,Roskelly,3 Schlimgen Lane,Washington,DC,20337
Yvette,Wintle,0227 Shopko Circle,Houston,TX,77050
Lynnelle,Swapp,46 Manufacturers Point,Brooklyn,NY,11225
Zea,Arguile,39487 Hauk Avenue,Tyler,TX,75705
Xenos,O'Cleary,42626 Waubesa Center,Odessa,TX,79764
Gerard,Greenhaugh,80864 Del Sol Junction,Worcester,MA,1654
Lammond,Kester,434 Esch Park,Chicago,IL,60604
Leslie,Akker,04154 Drewry Hill,Erie,PA,16550
Roger,Lanphier,58518 Victoria Road,El Paso,TX,88525
Max,Beadles,67236 Upham Way,Gatesville,TX,76598
Willetta,Hazelton,761 Sutherland Alley,Little Rock,AR,72231
Byram,Perigeaux,64 Pepper Wood Trail,Macon,GA,31217
Ermina,Hebden,8 Tennessee Hill,San Rafael,CA,94913
Brita,Cullon,91116 Magdeline Circle,Boise,ID,83716
Cal,Iozefovich,7383 Melody Street,Stockton,CA,95298
Joy,Dello,2 Manufacturers Junction,El Paso,TX,79977
Nathanial,Long,3 Farwell Pass,Honolulu,HI,96805
Row,Fitzsymonds,3 Petterle Parkway,Las Vegas,NV,89178
Elfie,Le Pruvost,23 Gerald Circle,Dallas,TX,75241
Yvor,Jaquemar,88 La Follette Drive,Los Angeles,CA,90010
Caitlin,Plenderleith,4 Vermont Hill,Durham,NC,27710
Timothy,Fillimore,1 Golden Leaf Parkway,Denton,TX,76210
Lillis,Alyokhin,79 Del Mar Terrace,Washington,DC,20226
Barth,Roubert,99316 Annamark Street,Milwaukee,WI,53285
Norah,Stannah,60 Pawling Hill,Colorado Springs,CO,80930
Krishnah,Rumford,1 Twin Pines Place,Pittsburgh,PA,15266
Esteban,Dutt,3998 Marcy Place,Oklahoma City,OK,73135
Teirtza,Giacomuzzi,1840 Mccormick Trail,Spartanburg,SC,29319
Haskell,Carss,06 Service Circle,San Antonio,TX,78210
Cathee,Aloway,86724 Meadow Vale Alley,New York City,NY,10170
Elden,Mosedall,388 Bobwhite Junction,Santa Monica,CA,90410
Ileane,Minichi,94636 Utah Pass,Killeen,TX,76544
Mattie,Villalta,100 Carpenter Trail,San Jose,CA,95113
Neile,Trenholm,9555 Walton Lane,Tulsa,OK,74126
Fergus,Phinnis,5499 Meadow Valley Avenue,Houston,TX,77065
Dorise,Ghelerdini,3719 Parkside Court,Rochester,NY,14614
Bartholomeus,Kiggel,838 Mandrake Trail,Washington,DC,20409
Golda,Dairton,527 Vernon Alley,New Orleans,LA,70116
Jackquelin,Pickett,551 Hintze Street,Houston,TX,77293
Dougy,Bleyman,7259 Scott Terrace,Gainesville,GA,30506
Jody,De Caville,15 Vahlen Circle,Largo,FL,34643
Diarmid,Copner,50947 Briar Crest Parkway,Asheville,NC,28815
Reggie,Waistall,8193 Vera Drive,Washington,DC,20226
Elysha,Bikker,570 Raven Way,Cincinnati,OH,45203
Witty,De Anesy,512 Lindbergh Pass,Norfolk,VA,23514
Theresita,Vogel,5661 High Crossing Court,Asheville,NC,28805
Pamella,Ayscough,4289 Marquette Junction,Redwood City,CA,94064
Devon,Halsted,8042 Russell Plaza,El Paso,TX,88535
Chris,Rounce,866 Truax Lane,Houston,TX,77085
Mycah,Dmitr,4195 Superior Point,Birmingham,AL,35285
Kinny,Theakston,2 6th Street,Abilene,TX,79699
