Dun,Dineen
Quincy,O'Gaven
Fonsie,Dreng
Maynard,Keslake
Genvieve,Tyreman
Shadow,Lindemann
Rogers,Jowers
Derwin,Clarke-Williams
Ody,Battlestone
Carver,Corkitt
Alfi,Brakespear
Nixie,Gwynn
Artur,Chelley
Ced,Vedenisov
Oliver,Haliburton
Abramo,Pearch
Noland,Liddell
Delmer,Garvey
Carmelita,Kiss
Adan,Tetley
Bobinette,Shaves
Hubert,Moar
Kaleb,Jacquemot
Karla,Symon
Ax,Tattoo
Neron,Brewer
Sauveur,Willmot
Patric,Linkie
Lockwood,Arthan
Hugues,Patrick
Kinsley,Layhe
Goraud,Seals
Dorena,Blaasch
Britni,Mantripp
Christy,Pugh
Reinold,Grisedale
Waly,Trengrove
Janna,Lindegard
Annabela,Pevsner
Meta,Oxbe
Sidnee,Shafe
Brenda,Celle
Rori,Udall
Chrotoem,Hayton
Carmelina,Lowde
Francis,Hannigan
Wyndham,Tolcher
Mady,Slarke
Lucias,Muffitt
Dasie,Southern
Sim,Cheltnam
Quillan,Short
Marthe,Tonkes
Caron,Wildor
Aldric,Pretsel
Darleen,Galle
Wilona,Dowd
Jobina,Galle
Port,Matisoff
Aldwin,Mulcahy
Rufe,Bellam
Kamilah,Hurleston
Corrina,Velasquez
Grete,Tebbitt
Clark,Mullard
Granger,Dorning
Melodee,Inworth
Honor,Riche
Emory,Scutts
Dylan,Isacsson
Nero,Dillicate
Horten,Livermore
Bathsheba,Brandenberg
Kessia,Falco
Alena,Lambol
Petronille,Martindale
Keri,Weich
Charley,Lindback
Guillema,Weiss
Giselbert,Jee
Fitzgerald,Levison
Base,Weight
Abbe,Harmant
Torrie,Huntingford
Petrina,Niesel
Niels,Pennells
Courtenay,Skirven
Sollie,Drayton
Merv,Dabney
Duffy,Browett
Mel,Daldan
Dale,Bosenworth
Alric,McGrale
Jordain,Chartman
Che,Gutcher
Bronny,Piggot
Alistair,Petrollo
Fania,Giraudat
Tory,Macewan
Elianora,Buddleigh
Omero,Cearley
Tucker,Read
Magda,Dainton
Alisha,Bliven
Haze,Skillings
Marty,Klink
Jereme,Craddy
Austin,Huison
Eduard,Bullin
Gav,Fawltey
Evelyn,Ungerer
Worthy,Hanton
Kameko,Leadbitter
Garv,Kenyon
Valera,Crammy
Natalya,Holah
Anson,Championnet
Kerry,Fruin
Halley,Beccera
Delcina,Wilstead
Renaldo,St. Pierre
Monah,Harland
Wilona,Walthew
Ajay,Flippelli
Toni,Brocklehurst
Micheal,Minifie
Blythe,Bugdall
Donni,Ledgley
Lesly,Over
Maryrose,Petruska
Tiebout,Hudghton
Avery,Pieters
Jinny,Jochen
Karoline,Perin
Tammy,Tankus
Umeko,Roote
Bar,Simonou
Aleta,Clawsley
Elvis,Baldin
Mable,Adolfsen
Jens,Lorkins
Margret,Barhims
Arny,Bilsland
Townie,Lowes
Chastity,Skillitt
Cahra,Guise
Lee,Heinzler
Fredric,Camfield
Elfrida,Brinkler
Golda,Oates
Floris,Cullingford
Kurtis,Silby
Alix,Harper
Fayre,Bunton
Wolf,Iliff
Olenolin,Lugg
Nissie,Crichten
Mychal,Barns
Crystal,Gianulli
Derby,Minger
Esther,Crick
Ara,Gibbard
Trenton,Riep
Filip,Johannesson
Giovanna,Commander
Dorise,Sabatier
Victoir,Geare
Field,Cavanagh
Marta,Bortol
Keith,Copcutt
Skipper,Dougherty
Bobbe,Girardy
Ynes,Wykey
Moreen,Faughey
Batsheva,Broomhead
Lotte,Harm
Francine,Smouten
Darnell,Capper
Muriel,Boost
Mirelle,Robet
Consalve,Tansley
Gipsy,Creebo
Hazel,Brendish
Wain,Learned
Morgan,Brokenbrow
Lucia,Jenne
Mirabelle,Elia
Lenci,Greatbatch
Edie,Trahear
Ermina,Cornbell
Dani,Travis
Allissa,Whiskerd
Gregoire,Blune
Elane,Bidmead
Maurene,Cosgreave
Meade,Banner
Douglas,Taylorson
Bruis,Moland
Jess,Gully
Zebulen,Braddon
Grete,Robertsson
Mechelle,Otter
Orsola,Heynel
Otes,Billitteri
Natasha,Geerits
Saba,Everist
Ezri,MacCorley
Adan,Froude
Allie,Grossman
Kele,Korb
Enriqueta,Sykora
Mariam,Ratlee
Eustace,Derell
Christa,Belliss
Skylar,Stonall
Cobb,Hedgeman
Sharai,Warrack
Roderick,Kemmet
Hanna,Thring
Lurline,Yokel
Quint,Skiplorne
Adele,Bartles
Tami,Allsepp
Carmelle,Daniele
Eugine,Hurst
Ekaterina,Halburton
Esra,Paskins
Salomi,Delhanty
Gayle,De Matteis
Zena,Ottley
Austin,Plaid
Florrie,Jacobssen
Karlotta,Kenington
Deina,Knotte
Humberto,Carle
Lorena,Mauchline
Auguste,Borgnet
Stormy,Paal
Keely,Micklewicz
Natividad,Shearsby
Diane,Sturch
Bambie,Andell
Maggee,Bomb
Brita,Goodall
Ann,Laurisch
Francene,Stuart
Rabbi,Poge
Addia,Jordeson
Rourke,Reef
Ashla,Semaine
Mia,Offin
Antony,Redolfi
Eulalie,Biggin
Delmore,Dionisii
Mead,Rudinger
Cara,Bending
Hobard,Sute
Jemmie,Spawton
Chaunce,Mathieson
Joann,Olner
Xerxes,Cruz
Ted,Chatwood
Teodorico,Croot
Riobard,Seage
Marika,Standen
Caryn,Kerwin
Willy,Tallis
Cleve,Villalta
Dasi,Pignon
Lilla,Felten
Gussi,Goggins
Clarita,Filipowicz
Delmor,Ruller
Coleman,Chessor
Mildrid,Blackey
Kaylil,Halfhead
Boone,Tomley
Birk,Beachem
Haley,Campagne
Normy,Pendrid
Dyan,Freeburn
Umberto,Epton
Kynthia,Byers
Carmita,Marten
Worden,Irnis
Grayce,Gorvin
Lev,Vogele
Thadeus,Brandsma
Bernetta,Langeley
Clarinda,Stickins
Shani,Beckett
Wood,Bisterfeld
Louisette,Beazey
Dorie,Stillmann
Courtney,Deware
Persis,Arrighi
Willy,Bachshell
Lucia,Rappport
Willy,Gelletly
Wolfgang,Okey
Caprice,Stanbro
Alexandro,Kellington
Starr,Lemmertz
Cortney,Oakey
Otto,Casotti
Beilul,Haugeh
Calida,Usborn
Denis,Di Meo
Silvio,Hedworth
Ranique,McQuirk
Ursa,Jozefowicz
Johny,Ellph
Lari,Burgyn
Jammie,Matic
Rikki,Lawn
Burgess,Escreet
Zitella,Redmain
Violante,Cecchetelli
Ginni,Littrik
Vernon,Frankes
Allsun,Oganian
Kinny,Tatersale
Jenelle,Ralling
Noll,Feechum
Carmella,Leuren
Shana,Cornewall
Marga,Thormwell
Hermann,Bouzek
Arri,Vaneev
Jenelle,Jina
Isobel,Pock
Lindsay,de Clerk
Antoni,Gonzalez
Rubia,Crosse
Drugi,Truin
Jonah,Otter
Ulrica,Arch
Rinaldo,Stanbrooke
Lanna,Guenther
Lanette,Verrico
Juli,Denington
Ginelle,Gristwood
Belia,Caseley
Josephine,MacCollom
Cherish,Nono
Angelique,Beare
Darnall,Beahan
Ozzie,Dymocke
Emelyne,Savage
Sylvan,Marney
Jamaal,Tees
Isabelle,Gever
Gayle,Benech
Hamlen,Becerra
Saw,Sneesby
Gary,Gerlack
Willie,Thomasset
Frasier,Wingfield
Kirby,Clout
Addison,Jaouen
Gerek,Ipgrave
Alvan,Frudd
Emilee,Naper
Veda,Gallifont
Holmes,Statter
Emmy,Lattie
Ky,Daugherty
Persis,Bellhouse
Lindsay,Fendley
Lita,Bryde
Laurianne,Audsley
Clarette,Moulds
Judith,Pahler
Koressa,Tommei
Rena,Goodnow
Guenevere,Doolan
Albertine,Kelemen
Wakefield,Gallyhaock
Broderick,Lawtey
Gretel,Kuhle
Lynnet,Sivyer
Jacintha,Khrishtafovich
Carmelle,Peacock
Russell,Greader
Netta,Ickowicz
Dwayne,Vaune
Clemmie,Tant
Steffi,Folliott
Nickie,Reinger
Violante,Dorin
Eartha,Commuzzo
Shirlene,Kemmer
Mehetabel,Handrick
Karlotta,Summergill
Smitty,Troup
Vivien,Blench
Shelagh,Marsland
Shep,Mordon
Bengt,De Vaux
Stanleigh,Tanswill
Sean,Smitherham
Delbert,Leech
Johnathon,Macourek
Sheppard,Burling
Kacy,Plampeyn
Cullan,Shellsheere
Keven,Kane
Ed,Townes
Burgess,Laws
Rog,Sibly
Trip,Orsay
Sheffy,Ealden
Andy,Droghan
Raf,Tine
Haskel,McKeowon
Jilli,Arend
Clayson,Bartalot
Tish,Scammonden
Cristionna,Trunks
Alon,Blizard
Eolanda,Simioni
Kimberli,Jorio
Susanetta,Virgo
Chandler,Bergstram
Beale,Klimowski
Lou,Dimic
Sargent,Groven
Winne,Klimov
Justinian,Paulazzi
Karen,Kuhl
Corrianne,Jehu
Maude,Ballard
Dante,Lemmer
Isidore,Gislebert
Perrine,Rackam
Wenonah,De Maria
Rori,Huffa
Cass,Berriman
Grady,Flett
Maurise,Petts
Lurette,Toor
Martin,Craker
Leshia,Bullas
Freda,Canet
Barri,Boughtflower
Bob,Ing
Cara,Barritt
Cate,Coupland
Annelise,Batting
Karyl,Airds
Annemarie,Cubbon
Juliann,Jenkyn
Jared,Ayce
Chris,Stirton
Patin,Segoe
Lexi,Arnhold
Burke,Clyburn
Gianni,Dufaur
Cordie,Crewe
Anne,Harrild
Tymon,Rubinovitch
Gerianne,Scanlan
Bondy,Demonge
Farleigh,Towne
Kat,Harnwell
Sheelagh,Cloughton
Galvin,Galbraeth
Donall,Phethean
Kristina,Lidbetter
Alic,Borge
Caroljean,Clashe
Francene,Ruslin
Cinda,Dowden
Olav,Gorusso
Edd,Desbrow
Car,Herrero
Kyle,Linscott
Dermot,Kimbury
Lauren,Stores
Patrica,Shepherd
Tracee,Maroney
Yvor,Woodstock
Flem,Markwell
Lorrie,Ambroise
Aileen,Zammett
Scotti,Grogor
Florance,Kemson
Giffer,Jonson
Griffie,Henriet
Hinze,Nutbeam
Horatia,Thornewell
Hattie,Bracer
Bordy,Kelby
Ingeberg,Duberry
Kaycee,Mc Gee
Mirelle,Melbury
Lorry,Robertet
Morry,Shelper
Henrietta,Dufaire
Allianora,MacDuffie
Georgeanne,Alyutin
Susann,Boath
Wynnie,Beine
Issi,Rosenfelder
Barbabas,MacKettrick
Elisha,Loudon
Alexio,Sutton
Catrina,Marcos
Wilow,Pawnsford
Ade,Yellowlees
Bendix,Steffens
Brear,Giorgioni
Greta,Gradly
Belvia,O'Cassidy
Mar,McCraw
Trenton,MacAskie
Harlene,McKissack
Maurene,Newbegin
Fredra,Straw
Laurent,McGucken
Gabey,Fobidge
Osbourne,Olekhov
Lonee,Skitch
Ninetta,Sotham
Amelina,Placido
Elissa,Turnor
Diego,Millea
Sauncho,Brumen
Dilly,Gibbs
Rozella,Morden
Cathryn,Canto
Jeremiah,Glasman
Krispin,Slator
Christie,Brandreth
Der,Hopfer
Candide,Storton
Shir,Questier
Morton,Goodyear
Euell,Firbank
Marcelia,Schottli
Christi,Milliken
Dyanne,Siddaley
Amelie,Gillease
Bonnee,Klimkov
King,Domenge
Olivia,Barniss
Hildegarde,Cuskery
Blanche,Baldelli
Puff,Desporte
Desmond,Claris
Darrell,Yeiles
Wright,Skells
Reece,Coltherd
Nanni,McErlaine
Cyrillus,Fidal
Marigold,McAsgill
Lindie,Tampen
Locke,Andreotti
Lulu,Sutworth
Maddy,Galvan
Shelbi,Bischoff
Ev,Karran
Nananne,Pigot
Diarmid,Crawford
Estella,Montfort
Constantina,Buckles
Farly,Hounsham
Lee,Seeger
Dasha,Panchin
Welbie,Alf
Byrann,Wye
Arlin,Roswarn
Anderea,Heinlein
Stinky,Basham
Sadella,Fidian
Ninetta,Grovier
Pamelina,Vogeler
Jonathon,Pell
Lizzie,Ullrich
Zuzana,Courtes
Xenos,Bringloe
Edmund,Jerrome
Yardley,Sleany
Shurwood,Duffield
Abeu,Deller
Kalil,Folan
Rab,Sutherby
Silva,Paulin
Christiana,Parker
Elvera,Dell Casa
Gerardo,Ceci
Shelden,Norgate
Natty,Stolte
Clareta,Leason
Abbie,Salvador
Johan,Gammell
Yul,Coulthard
Hamlin,Anthoin
Aundrea,Frostick
