Ebony,Kintzel,20472 Scofield Street,Arlington,TX,76004,1-(817)124-2296
Sid,Iley,3515 Hauk Plaza,Dallas,TX,75216,1-(972)662-0618
Norina,Berthon,776 Iowa Way,Spokane,WA,99220,1-(509)550-7056
Hillie,Gallant,0523 Lawn Trail,Washington,DC,20215,1-(202)765-3337
Ezekiel,Rubega,4835 Holmberg Plaza,Cheyenne,WY,82007,1-(307)967-8307
Si,Carrigan,548 Brown Park,Watertown,MA,02472,1-(857)750-9231
Janene,McLeoid,7 Amoth Way,Topeka,KS,66606,1-(785)265-6270
Isaak,Pawley,3 Stuart Crossing,Huntsville,AL,35805,1-(256)313-5899
Griffy,Riepl,34447 Orin Junction,Wilmington,DE,19897,1-(302)422-2731
Germain,Readhead,860 Lien Avenue,Port Saint Lucie,FL,34985,1-(772)223-4574
Flori,Guiden,936 Kropf Circle,Nashville,TN,37220,1-(615)278-1138
Kaycee,Loffhead,8 Melody Trail,Los Angeles,CA,90030,1-(213)733-2536
Marie-ann,Jencken,980 Clyde Gallagher Center,Vienna,VA,22184,1-(571)702-5375
Cammy,Diggens,3 Debs Hill,Lubbock,TX,79415,1-(806)404-2966
Karol,Hatherleigh,15923 Parkside Circle,Van Nuys,CA,91406,1-(805)294-1641
Natasha,Poltun,97761 Graceland Alley,Minneapolis,MN,55470,1-(612)357-6298
Godart,Muttock,62663 Northfield Way,Fredericksburg,VA,22405,1-(540)287-6007
Adan,Perello,9785 Bobwhite Alley,Sacramento,CA,95894,1-(916)514-9709
Florie,O'Carran,096 Kings Hill,Wilmington,DE,19805,1-(302)717-4666
Gwenette,Wakeford,7805 Calypso Avenue,Salt Lake City,UT,84110,1-(801)914-3334
Scot,Waterland,4 Porter Circle,Philadelphia,PA,19172,1-(215)849-4076
Les,Vannoort,3 Florence Terrace,Kansas City,MO,64190,1-(816)662-7536
Kiah,Blackleech,958 Buena Vista Hill,Fort Worth,TX,76147,1-(817)497-2979
Banky,Wooler,93018 International Hill,Inglewood,CA,90310,1-(310)986-2923
Jeffy,Ungerecht,02239 Towne Road,Henderson,NV,89012,1-(702)648-8991
Onfre,Radclyffe,01333 Dakota Trail,Decatur,IL,62525,1-(217)158-8698
Aldon,Zecchinii,6 Schurz Alley,Waterbury,CT,06726,1-(203)633-4987
Bridget,Haggidon,5 Mifflin Lane,Alexandria,VA,22309,1-(703)882-4312
Barthel,Greenhough,442 Westerfield Junction,Newark,NJ,07112,1-(973)366-3698
Kurtis,McEvoy,8617 Reinke Plaza,Brooklyn,NY,11220,1-(718)791-7177
Kalina,Phelan,8680 Carey Center,Huntsville,AL,35895,1-(256)430-2694
Jacenta,Hynam,0743 Ridgeview Point,Columbia,SC,29240,1-(803)817-0018
Hanna,Enticknap,6942 Petterle Hill,Orlando,FL,32835,1-(407)194-6643
Trevar,Sauter,582 Reindahl Drive,Miami,FL,33134,1-(305)396-7050
Harley,Pick,5601 Larry Alley,El Paso,TX,88584,1-(915)572-6159
Appolonia,Haller,9 Buhler Drive,Los Angeles,CA,90055,1-(213)920-7614
Jordanna,Lappine,70 Dayton Street,Oklahoma City,OK,73152,1-(405)444-0369
Morena,Fazan,5121 Sugar Avenue,Washington,DC,20540,1-(202)973-0328
Sidney,Casini,983 Heath Place,Saint Louis,MO,63180,1-(314)525-2913
Marlin,Pawel,45 Fieldstone Drive,Charleston,SC,29403,1-(843)580-2545
Malory,Henworth,8632 Linden Plaza,New York City,NY,10090,1-(212)482-9104
Harrison,De Freyne,2 Fairfield Way,Baton Rouge,LA,70836,1-(225)495-4767
Claudie,Longfellow,8 Arkansas Road,Littleton,CO,80126,1-(720)224-7464
Niccolo,Moran,68775 Toban Alley,Fort Lauderdale,FL,33310,1-(754)703-6329
Sheelagh,Elford,062 Washington Hill,Monroe,LA,71213,1-(318)130-6679
Gusella,Simecek,1 Boyd Park,Vancouver,WA,98687,1-(360)457-8255
Christina,Swanwick,71 Brentwood Lane,Woburn,MA,01813,1-(339)826-4654
Alicia,Niles,4560 Oxford Circle,San Antonio,TX,78235,1-(210)347-4074
Jon,Croux,78335 Golf Course Park,Minneapolis,MN,55412,1-(612)608-0712
Orv,Dowdall,77498 Green Ridge Lane,Dallas,TX,75323,1-(214)774-3298
Sol,Bilson,86 Esch Parkway,Indianapolis,IN,46295,1-(317)129-4692
Alberto,Benham,418 Delladonna Circle,Newport Beach,CA,92662,1-(714)606-0349
Malia,Wellwood,3421 Algoma Road,Laurel,MD,20709,1-(301)943-1902
Sanford,Sowle,37023 Shasta Hill,Orlando,FL,32830,1-(407)274-6564
Kaila,Gamblin,03 Gulseth Terrace,Saint Petersburg,FL,33710,1-(727)122-7924
Christy,Torfin,31357 Village Green Court,Anderson,IN,46015,1-(765)698-9965
Guendolen,Pabelik,0 Lunder Trail,Jackson,TN,38308,1-(731)237-3871
Moe,Brundell,3 Mcguire Terrace,Lynn,MA,01905,1-(617)778-3915
Iolanthe,Vinten,4 Continental Pass,New York City,NY,10184,1-(212)938-8207
Cecilia,Doggrell,16584 Kropf Parkway,San Antonio,TX,78205,1-(210)224-0267
Charmane,Daenen,590 Fremont Alley,Atlanta,GA,30358,1-(404)613-6865
Kelsey,Balogh,38280 Springview Trail,Augusta,GA,30911,1-(706)321-9287
Leeann,Janodet,65886 Mcbride Road,Memphis,TN,38114,1-(901)118-3357
Rozele,Hatliff,4 Express Circle,Midland,TX,79710,1-(432)164-7303
Jacintha,Allderidge,38492 Anthes Terrace,Salt Lake City,UT,84170,1-(801)522-0926
Lilla,Sprankling,234 South Plaza,San Antonio,TX,78285,1-(210)350-7815
Bartholomeus,Perillo,1 8th Lane,Minneapolis,MN,55407,1-(651)437-7563
Barnie,Knappett,79 Ridge Oak Plaza,Santa Fe,NM,87592,1-(505)864-9554
Claribel,Vella,8 Sutherland Junction,Richmond,VA,23203,1-(804)268-9790
Christye,Lannin,9 Ridgeview Trail,Indianapolis,IN,46216,1-(317)422-9535
Marinna,Dyte,93501 Petterle Plaza,Newport Beach,CA,92662,1-(714)261-3950
Cecilio,Serris,3 3rd Terrace,El Paso,TX,79977,1-(915)505-5777
Shalna,Pautard,3 Fairview Court,Seattle,WA,98175,1-(206)453-1701
Fawn,Kestian,6 Nevada Road,Brooksville,FL,34605,1-(352)197-5569
Faina,Roskell,237 Waubesa Hill,Cleveland,OH,44191,1-(216)631-9164
Shannen,Dundon,63 Monterey Alley,West Palm Beach,FL,33405,1-(561)964-4924
Jill,Consterdine,1 Schmedeman Lane,Fort Wayne,IN,46805,1-(260)994-2593
Petronella,Lyall,0912 Forest Run Circle,Washington,DC,20599,1-(202)321-2819
Druci,Casey,52 Upham Way,Los Angeles,CA,90010,1-(626)516-1424
Dulci,Chasemoore,74747 Fuller Trail,Detroit,MI,48242,1-(248)549-3548
Tomlin,Follan,815 Red Cloud Pass,Miami,FL,33245,1-(786)503-5196
Eustacia,Lauritzen,35 Mallory Place,Washington,DC,20220,1-(202)960-5532
Paolina,Sudy,79893 Browning Road,Fort Worth,TX,76110,1-(682)369-3222
Amara,Wishart,68603 Tennyson Point,Reno,NV,89595,1-(775)415-0874
Rosalind,Benzing,2 Red Cloud Point,San Diego,CA,92115,1-(619)933-4124
Chariot,Gouldthorp,1491 Loomis Circle,Macon,GA,31296,1-(478)106-5343
Val,Benz,18963 Troy Circle,Boise,ID,83757,1-(208)509-3258
Alfonso,Hembrow,7 Clove Drive,Louisville,KY,40280,1-(502)793-0272
Clayborne,Loadwick,84 Lukken Road,Boise,ID,83711,1-(208)192-9042
Stu,Trewinnard,6 Barnett Center,San Diego,CA,92145,1-(619)933-0658
Mike,Week,5965 Hagan Terrace,New Orleans,LA,70124,1-(985)632-5513
Hermione,Fishenden,7 Gina Court,Pueblo,CO,81015,1-(719)292-3654
Sheena,Stalman,2 Clove Junction,Jacksonville,FL,32204,1-(904)811-6792
Nikolaus,Gawn,45 Gale Plaza,Anchorage,AK,99517,1-(907)607-5812
Gussie,Jedryka,0 Brickson Park Terrace,Irvine,CA,92710,1-(714)345-3400
Nerita,Joberne,75 Weeping Birch Avenue,Tallahassee,FL,32314,1-(850)476-7935
Obadiah,Perkinson,0357 Corben Lane,Durham,NC,27717,1-(919)122-7768
Sayer,Wastie,436 International Road,Saint Paul,MN,55188,1-(651)635-8865
Evered,Briddle,340 Basil Center,Wichita,KS,67205,1-(316)613-9670
Carlos,Mea,9638 5th Parkway,Indianapolis,IN,46254,1-(317)513-5928
Guthrey,Steffens,4 Eastlawn Terrace,Saint Paul,MN,55188,1-(651)401-9138
Tonya,Test,4484 Maple Wood Avenue,Miami,FL,33158,1-(305)331-2312
Meriel,Ribey,064 Kingsford Plaza,Duluth,GA,30096,1-(678)710-1474
Sarine,Bushrod,1966 Marquette Avenue,Fort Worth,TX,76198,1-(682)621-8761
Sarena,Dargan,34536 Helena Pass,Baltimore,MD,21203,1-(410)171-5739
Aloysius,Anglin,01329 Milwaukee Crossing,New Bedford,MA,02745,1-(508)121-0960
Larry,Durrad,0 Northland Parkway,Huntsville,AL,35895,1-(256)250-4077
Marj,Howland,3326 Gerald Pass,Philadelphia,PA,19131,1-(215)620-8365
Inger,Quickenden,4868 Vidon Court,Monroe,LA,71213,1-(318)424-2922
Lester,McGeffen,7 Westport Park,Anniston,AL,36205,1-(256)769-0822
Phineas,Ewols,9150 Clarendon Circle,Los Angeles,CA,90005,1-(213)437-5628
Anissa,Cicculini,54279 Merchant Street,Aurora,IL,60505,1-(630)244-1551
Alys,Danelut,5622 Truax Street,Washington,DC,20430,1-(202)417-9324
Jack,Limpertz,5 Parkside Way,Albuquerque,NM,87190,1-(505)963-6023
Marline,Axon,8564 Corben Terrace,Fresno,CA,93715,1-(559)421-7311
Gloriane,Oakes,1 Westport Circle,El Paso,TX,88546,1-(915)791-5873
Coop,Edens,85212 Ridge Oak Pass,Cincinnati,OH,45218,1-(513)438-4003
Wandis,Rosevear,094 Manley Terrace,Anaheim,CA,92812,1-(714)854-6950
Yale,Sorel,93 Lukken Alley,Dayton,OH,45403,1-(937)290-5748
Abner,Jedrzejewski,7 Graceland Circle,Washington,DC,20067,1-(202)208-0813
Obie,Aartsen,53390 Sunbrook Street,Orlando,FL,32808,1-(407)959-8742
Addy,Wildin,35647 Carpenter Crossing,Cheyenne,WY,82007,1-(307)132-6261
Karole,Ladbrooke,7001 Meadow Ridge Drive,Flint,MI,48555,1-(810)235-0891
Sutherland,Ownsworth,5199 New Castle Road,Los Angeles,CA,90050,1-(213)609-5812
Fara,Micheli,959 Ohio Road,Salt Lake City,UT,84115,1-(801)217-2039
Blinnie,Jorgesen,70 Prairie Rose Avenue,Colorado Springs,CO,80915,1-(719)812-9429
Genevieve,Beresfore,300 Express Trail,Pittsburgh,PA,15279,1-(412)748-1980
Megen,Wigelsworth,0 Ronald Regan Alley,Clearwater,FL,34629,1-(727)664-5022
Florrie,Growcott,0 Kingsford Park,Lubbock,TX,79415,1-(806)181-9112
Curcio,Henriquet,5658 North Alley,Brooklyn,NY,11215,1-(646)229-8761
Corrine,Wapple,6727 Longview Way,Washington,DC,20062,1-(202)219-7551
Ida,Kordt,19 Lakewood Pass,Evansville,IN,47712,1-(812)851-2388
Lisha,Corriea,288 3rd Way,San Antonio,TX,78296,1-(210)827-5489
Mallory,Vickar,1835 Rigney Point,Des Moines,IA,50335,1-(515)521-5724
Sayres,Kobieriecki,9328 Sunbrook Road,Baltimore,MD,21216,1-(410)649-0785
Trudy,Cashen,33 Old Shore Trail,Birmingham,AL,35285,1-(205)293-2623
Demetris,Liptrod,821 Holmberg Lane,Fort Worth,TX,76105,1-(817)588-0925
Lucilia,Baynton,242 Cascade Parkway,Topeka,KS,66699,1-(785)554-1805
Nestor,Elford,19625 Stang Trail,Aiken,SC,29805,1-(803)970-3545
Evelin,Everex,18941 Nobel Lane,Tampa,FL,33694,1-(813)139-1293
Gayelord,Lowdham,6611 Merry Road,Topeka,KS,66611,1-(785)881-3706
Sharla,Goundrill,29 Pierstorff Crossing,Oklahoma City,OK,73147,1-(405)812-8160
Lilly,Wheeler,5626 Spaight Avenue,Glendale,AZ,85305,1-(623)537-5837
Lucho,Merner,366 Anthes Plaza,Garden Grove,CA,92645,1-(714)214-1555
Xavier,Semper,760 Manley Plaza,Jersey City,NJ,07310,1-(551)826-8248
Matilda,Willmot,79355 Eastwood Avenue,Oklahoma City,OK,73190,1-(405)403-6496
Salvatore,Grodden,67742 Larry Trail,Round Rock,TX,78682,1-(512)420-4165
Bonnie,Chastan,07044 Havey Lane,Philadelphia,PA,19104,1-(610)303-0631
Tallulah,Allred,1998 Moulton Center,Atlanta,GA,30311,1-(770)624-5419
Janey,Cozby,2 Fairfield Crossing,Santa Clara,CA,95054,1-(858)887-6440
Marchelle,Whitters,45575 Onsgard Trail,Minneapolis,MN,55487,1-(612)512-9211
Cris,Bottrill,885 Summit Avenue,Springfield,MO,65805,1-(417)644-2741
Mackenzie,Popescu,27 Dawn Court,Macon,GA,31210,1-(478)491-3929
Doro,Kingham,749 Holy Cross Crossing,Rochester,NY,14652,1-(585)511-4323
Bertie,Langthorn,1308 Farmco Road,Portsmouth,NH,03804,1-(603)556-6956
Lianna,Gateshill,3 Brentwood Terrace,Bakersfield,CA,93381,1-(661)486-0755
Lynna,Amor,5 La Follette Center,Humble,TX,77346,1-(281)415-3747
Joseito,Simone,3627 Messerschmidt Park,Sarasota,FL,34276,1-(941)744-3555
Sally,O'Howbane,588 Lerdahl Street,Shreveport,LA,71137,1-(318)963-0372
Mandi,Walczak,93566 Reinke Trail,Maple Plain,MN,55572,1-(763)553-8907
Nev,Moorman,36 Debra Road,Jacksonville,FL,32244,1-(904)770-3836
Marlane,Juorio,07214 Meadow Valley Park,Washington,DC,20566,1-(202)265-0871
Kahlil,Rainy,617 Granby Center,Dulles,VA,20189,1-(571)406-8183
Holly,Liddington,08294 Harper Terrace,Omaha,NE,68164,1-(402)375-8586
Eve,Coram,72 Fair Oaks Point,College Station,TX,77844,1-(979)551-5212
Ortensia,Broune,5 Old Shore Road,Washington,DC,20005,1-(202)928-7264
Karon,Sant,74 La Follette Parkway,Columbia,SC,29203,1-(803)172-4700
Chrissie,Northey,7 Eggendart Trail,Seminole,FL,34642,1-(941)364-9029
Aymer,Martusewicz,409 Northfield Pass,Baton Rouge,LA,70815,1-(225)502-0929
Virgilio,Yetts,3499 Lakewood Alley,Seattle,WA,98148,1-(253)417-9604
Kaitlynn,Gahagan,65671 Division Pass,Montgomery,AL,36109,1-(334)402-1024
Tyson,Tynewell,552 Forster Point,Merrifield,VA,22119,1-(571)969-3017
Reginald,Sheffield,64157 Meadow Ridge Point,Akron,OH,44393,1-(234)660-1697
Leland,Hutchinges,66427 Acker Plaza,Charlotte,NC,28220,1-(704)570-3475
Panchito,Cucuzza,1540 Sundown Circle,Brooklyn,NY,11247,1-(212)720-3357
Aldon,Harnott,4 Stoughton Place,Colorado Springs,CO,80910,1-(719)357-1619
Addia,Figgins,60106 Fallview Place,South Bend,IN,46614,1-(574)911-2141
Deerdre,Rooze,73 Ridgeway Point,Spokane,WA,99252,1-(509)772-3000
Franciskus,Crennell,33 Loomis Road,Miami,FL,33175,1-(305)672-7139
Adora,Stuckford,0 Buhler Place,Camden,NJ,08104,1-(856)167-7580
Emmalynne,Townson,90412 Starling Point,Mobile,AL,36622,1-(251)247-1540
Jaye,Rosendahl,21 Onsgard Hill,Fairfield,CT,06825,1-(203)622-7410
Stevana,Southby,24 Beilfuss Court,Cleveland,OH,44105,1-(216)920-6398
Humberto,Klugel,78 Anniversary Terrace,Atlanta,GA,30368,1-(404)557-2756
Cary,Hamfleet,0 Swallow Center,Pittsburgh,PA,15240,1-(412)768-2603
Perry,Loddon,53 Swallow Hill,Phoenix,AZ,85010,1-(602)885-4871
Afton,Yendall,81148 Moland Hill,Salt Lake City,UT,84189,1-(801)723-8137
Malynda,Laugharne,04106 Linden Pass,Baltimore,MD,21275,1-(410)291-7404
Zarla,Manshaw,4 South Way,Monticello,MN,55585,1-(763)956-8709
Davey,Nairns,7878 Blackbird Road,Hampton,VA,23663,1-(804)237-9854
Dorie,Knowles,68477 Vera Junction,Indianapolis,IN,46295,1-(317)275-6602
Lanie,Pearcehouse,27 Colorado Point,Pittsburgh,PA,15240,1-(412)759-3804
Ivett,Teaze,704 Drewry Lane,San Diego,CA,92105,1-(619)589-5402
Delcine,Kittredge,96 Everett Terrace,Danbury,CT,06816,1-(203)354-6399
Lucy,Bilofsky,77621 Sloan Crossing,Saint Louis,MO,63167,1-(314)130-9500
Hilda,Rawlings,3542 Washington Center,Honolulu,HI,96840,1-(808)647-4923
Charil,Carreyette,318 Veith Road,Orange,CA,92668,1-(760)602-2526
Tova,Joslin,5640 Talmadge Street,Atlanta,GA,31165,1-(404)884-2130
Loreen,Genese,7367 Moulton Avenue,Erie,PA,16550,1-(814)580-7568
Blancha,Borland,580 Schmedeman Center,Washington,DC,20260,1-(202)312-8345
Toby,Vitet,865 Talmadge Avenue,Lexington,KY,40581,1-(859)113-0320
Rebecka,Doodson,612 Spaight Circle,Springfield,IL,62718,1-(217)380-0911
Mitch,Coulton,9 Coolidge Terrace,Topeka,KS,66642,1-(785)648-5597
Oralie,Fusedale,7 Menomonie Pass,Phoenix,AZ,85099,1-(602)359-5051
Megen,Cornford,611 Carberry Hill,Huntsville,AL,35815,1-(256)825-5095
Freeman,Blair,734 Rigney Place,Washington,DC,20520,1-(202)993-9971
Ceciley,Treasaden,8584 Delaware Center,Baltimore,MD,21229,1-(410)380-3095
Gregg,Palmar,881 Hovde Place,Savannah,GA,31410,1-(912)957-7764
Minerva,Trevance,2 Pierstorff Park,New York City,NY,10024,1-(212)456-4760
Claudina,Splain,24841 Green Point,Eugene,OR,97405,1-(541)259-1972
Wolfgang,Hendonson,3286 Lukken Terrace,Daytona Beach,FL,32118,1-(386)272-2278
Lisa,Skevington,3579 Northridge Parkway,Trenton,NJ,08650,1-(609)909-4938
Charo,Smales,8 Maple Wood Parkway,El Paso,TX,88541,1-(915)596-2652
Petey,Acuna,5 Commercial Street,Shreveport,LA,71130,1-(318)948-6018
Ertha,Kees,2 Toban Terrace,Phoenix,AZ,85062,1-(602)980-3408
Hubey,Quadri,47 Towne Trail,Lima,OH,45807,1-(419)682-1402
Darbie,Bendon,5 Kedzie Park,Indianapolis,IN,46221,1-(317)220-7282
Feodor,Ellson,71 4th Street,Dayton,OH,45454,1-(937)898-3616
Pen,Whittington,0 Harper Way,Seattle,WA,98195,1-(206)497-6740
Zabrina,Caught,3759 Rutledge Avenue,Washington,DC,20566,1-(202)206-7184
Korrie,Schaumaker,2858 Ryan Point,San Antonio,TX,78245,1-(210)963-8407
Jennine,Kretchmer,67 Gulseth Parkway,Phoenix,AZ,85099,1-(602)277-7974
Angelo,Kolushev,73 Raven Point,Miami,FL,33245,1-(786)666-1800
Merna,Mordue,34330 Kensington Way,Buffalo,NY,14269,1-(716)393-6672
Dyanna,Faley,44011 Cardinal Parkway,Decatur,GA,30033,1-(404)852-6325
Daven,Osgerby,1202 Kensington Terrace,Denver,CO,80209,1-(303)282-1942
Alphonso,Cortese,0 Moulton Place,Little Rock,AR,72215,1-(501)361-0925
Donny,Kacheler,1428 Maple Trail,Chicago,IL,60641,1-(630)493-2559
Clint,Borthram,1 Anhalt Terrace,Amarillo,TX,79176,1-(806)765-3956
Pauline,Smedmore,00 Jenna Terrace,Chicago,IL,60663,1-(312)738-1379
Bobina,Haking,0 Cottonwood Street,Greensboro,NC,27499,1-(336)124-8753
Jamill,Winny,00192 Moose Alley,Denver,CO,80228,1-(720)328-9822
Cherlyn,Stain,1811 Bobwhite Pass,Columbus,OH,43268,1-(614)441-2775
Katy,Tween,6 Ridgeway Place,Missoula,MT,59806,1-(406)149-2840
Katrina,Strong,0298 Melvin Hill,Denver,CO,80204,1-(720)640-6769
Tobi,Pawlick,00 Waubesa Point,Duluth,GA,30096,1-(678)366-3349
Clemmy,Gresley,90708 Pennsylvania Way,Yonkers,NY,10705,1-(914)203-4334
Nikki,Robertis,13 Sullivan Pass,Charleston,WV,25331,1-(304)434-5243
Mitch,Maynard,497 Gateway Street,Evansville,IN,47719,1-(812)103-3263
Kris,Tomkiss,43362 Myrtle Junction,Largo,FL,34643,1-(727)424-4939
Eldon,Giacobini,719 Stang Center,Cleveland,OH,44130,1-(440)630-1151
Rosmunda,Matijasevic,8 Paget Lane,Silver Spring,MD,20904,1-(202)998-5731
Theo,Laird-Craig,345 Sutteridge Terrace,Minneapolis,MN,55446,1-(952)658-0540
Barbie,Schurig,712 Straubel Drive,Chicago,IL,60681,1-(312)130-1927
Barnett,Gallelli,77748 Green Ridge Pass,Ridgely,MD,21684,1-(410)766-7580
Holt,McCawley,45848 Monument Alley,Sacramento,CA,94291,1-(916)109-4390
Raleigh,Eldritt,189 Bartillon Crossing,Las Vegas,NV,89193,1-(702)467-3906
Daphna,Gommowe,55 Packers Alley,Bridgeport,CT,06606,1-(203)723-4138
Adrianna,Finessy,3106 Graceland Road,Tampa,FL,33661,1-(813)565-5223
Lena,Pays,94 Meadow Ridge Terrace,Albany,NY,12205,1-(518)797-8530
Leticia,Orbell,58041 Merchant Point,Fort Wayne,IN,46867,1-(260)353-4714
Ailsun,House,96049 Everett Drive,Troy,MI,48098,1-(248)690-6809
Tiler,Beasant,2441 Fairview Alley,Washington,DC,20244,1-(202)116-2401
Link,Waye,246 Raven Crossing,Lakeland,FL,33805,1-(863)767-3470
Leisha,Barringer,6 Holy Cross Point,El Paso,TX,79994,1-(915)845-2467
Emalee,Szanto,1687 Homewood Street,Portland,OR,97229,1-(971)691-7638
Danni,Thomason,07567 Doe Crossing Terrace,Pittsburgh,PA,15220,1-(412)741-0550
Kaleena,Bannister,879 Columbus Road,Las Vegas,NV,89135,1-(702)936-0270
Rip,Chatburn,201 Pond Point,Oakland,CA,94622,1-(510)428-6399
Coral,Housegoe,02011 Maywood Crossing,Indianapolis,IN,46226,1-(317)863-7968
Sonni,Stonary,16721 Moose Point,New York City,NY,10270,1-(646)234-0019
Ethelbert,Chettle,4714 Annamark Drive,Fresno,CA,93704,1-(559)293-4818
Janina,Gouldthorp,4495 Gina Center,Fort Wayne,IN,46852,1-(260)455-8396
Lucia,Parade,54070 Hazelcrest Crossing,Maple Plain,MN,55572,1-(763)570-0413
Mahalia,Vallentine,3 Lunder Center,Peoria,IL,61614,1-(309)406-5485
Maryanne,Basindale,5 Pierstorff Trail,Baltimore,MD,21265,1-(410)808-2198
Abra,Bengtsen,28 Sugar Lane,Canton,OH,44720,1-(330)290-2372
Anthiathia,Doorey,1 Harper Avenue,Arlington,VA,22217,1-(571)523-7435
Timothee,Betun,23895 Talmadge Point,Fort Worth,TX,76115,1-(817)539-6172
Gael,Dobble,15 Quincy Pass,Boston,MA,02124,1-(617)880-8200
Lon,Tulleth,5524 Anthes Lane,Chicago,IL,60614,1-(312)376-3362
Evered,Chene,0 Crowley Alley,Watertown,MA,02472,1-(781)127-3598
Joletta,Leap,8 Hudson Pass,Sterling,VA,20167,1-(571)993-6180
Gilberto,Lambie,4 Hayes Alley,Sacramento,CA,95894,1-(916)196-7631
Micki,Vannah,74 Wayridge Street,Detroit,MI,48211,1-(734)641-0942
Rowney,Tutchings,7 Hovde Way,Las Vegas,NV,89150,1-(702)358-1064
Denice,Hanes,3876 Nelson Point,Chesapeake,VA,23324,1-(757)816-6503
Ruby,Cowpe,5626 Jackson Road,Anderson,SC,29625,1-(864)458-4295
Port,Sivill,7125 Spenser Parkway,El Paso,TX,88574,1-(915)388-6475
Beltran,Bothram,2954 Red Cloud Center,Longview,TX,75605,1-(903)529-2837
Galen,Bowe,57 Center Street,Richmond,VA,23260,1-(804)176-5037
Emmery,Arenson,8634 Prairieview Trail,Nashville,TN,37215,1-(615)262-8421
Patrizio,Fenty,06 Carey Avenue,Cedar Rapids,IA,52405,1-(319)816-1763
Aubrette,Scranney,304 Kensington Avenue,Lansing,MI,48956,1-(517)761-3798
Napoleon,Roelvink,327 Northwestern Road,Memphis,TN,38126,1-(901)294-7681
Gertrude,Vanne,414 Jana Trail,Littleton,CO,80161,1-(720)965-7916
Bar,Larraway,03274 Fairview Trail,Minneapolis,MN,55480,1-(612)815-1482
Maddalena,Polsin,24957 International Alley,El Paso,TX,79928,1-(915)543-6672
Marchelle,Rands,3 Twin Pines Pass,Milwaukee,WI,53205,1-(262)906-0888
Rog,Batecok,6 Waubesa Trail,Huntington,WV,25709,1-(304)962-5303
Solomon,Callan,97 Shelley Circle,Seattle,WA,98115,1-(206)234-5731
Phaidra,Fell,963 5th Parkway,Chicago,IL,60652,1-(773)439-9600
Gladys,Traviss,733 Talmadge Lane,West Palm Beach,FL,33405,1-(772)420-4100
Jacquelynn,Plowell,85 Fordem Crossing,Bronx,NY,10469,1-(347)322-1809
Germaine,Ranken,57 Hoepker Center,Milwaukee,WI,53277,1-(414)982-2040
Kellsie,Bonnefin,225 Bluejay Lane,Las Vegas,NV,89130,1-(702)478-4319
Luelle,Sargeaunt,66923 1st Way,Houston,TX,77045,1-(713)525-6713
Cahra,Spykings,184 Pawling Trail,El Paso,TX,88541,1-(915)333-0328
Gerrilee,Rothert,38 High Crossing Hill,Chicago,IL,60636,1-(312)249-0522
Almeda,Ralfe,172 Green Ridge Drive,Wilmington,DE,19892,1-(302)414-6042
Penn,Kenewell,89 Bashford Hill,Arlington,VA,22212,1-(571)604-8561
Cherianne,Duferie,35579 Morningstar Lane,Pompano Beach,FL,33075,1-(754)806-0665
Wiley,Grimestone,60156 Burrows Way,Tampa,FL,33620,1-(813)239-8539
Clarabelle,Crosser,8 Glendale Plaza,Brooklyn,NY,11241,1-(347)854-6154
Kamila,Esslemont,27790 Northport Parkway,Pittsburgh,PA,15240,1-(412)290-3269
Brina,Rase,2 Londonderry Lane,Davenport,IA,52809,1-(563)806-8821
Miran,Warfield,7 Lindbergh Lane,Pasadena,CA,91199,1-(626)515-5132
Shaun,Searston,0 Fair Oaks Junction,Akron,OH,44310,1-(330)343-4873
Alexina,Damarell,2 Kensington Alley,Waco,TX,76705,1-(254)903-1189
Royal,McCrone,53 7th Point,Birmingham,AL,35225,1-(205)576-5761
Linus,Conachy,5 Fisk Pass,Pittsburgh,PA,15205,1-(412)749-6506
Avrit,Paradine,62110 Badeau Hill,Jamaica,NY,11436,1-(917)364-6293
Elle,Quibell,24009 Melby Parkway,Salt Lake City,UT,84105,1-(435)665-4805
Irma,Axworthy,90 Ilene Street,Lansing,MI,48956,1-(517)226-0994
Emera,Krug,7029 Westend Drive,Reading,PA,19605,1-(484)400-7419
Milo,Peddie,6 Chive Hill,New York City,NY,10280,1-(917)731-7594
Che,Redmore,370 Granby Junction,Pasadena,CA,91199,1-(626)494-5652
Radcliffe,Laughnan,10958 Nelson Point,Tulsa,OK,74170,1-(918)850-5532
Lorene,Leask,229 Hovde Trail,San Diego,CA,92121,1-(858)756-2075
Hilary,Higford,4 Oriole Parkway,Rochester,NY,14624,1-(585)357-4922
Kleon,Ringe,882 Westerfield Parkway,Kansas City,MO,64193,1-(816)774-3089
Marcile,Boles,9 Vera Hill,Des Moines,IA,50981,1-(515)254-6355
Swen,Whitty,88 Emmet Park,Jackson,MS,39210,1-(601)330-0365
Trisha,Breacher,5245 Gateway Alley,Orlando,FL,32868,1-(407)186-9607
Bearnard,Aucutt,26732 Bartelt Point,Denver,CO,80262,1-(303)184-6325
Evin,McGloin,28891 Nancy Point,Saint Louis,MO,63180,1-(314)380-8398
Ernest,Baillie,675 Welch Hill,Mount Vernon,NY,10557,1-(914)526-4535
Brittaney,Dreinan,0822 Vahlen Hill,San Diego,CA,92115,1-(619)575-9464
Daron,Ibbs,44 Summer Ridge Point,Atlanta,GA,31119,1-(770)894-2778
Isabelle,Micheau,35775 Lien Park,Birmingham,AL,35263,1-(205)825-9538
Tudor,McIlwaine,01206 Kropf Center,Houston,TX,77218,1-(713)426-8719
Dewie,Snazel,1 Jay Way,Lafayette,IN,47905,1-(765)996-2367
Isis,Clampton,45537 Kim Center,El Paso,TX,88553,1-(915)871-6508
Caspar,Thornhill,70793 Burrows Park,San Diego,CA,92196,1-(619)185-6362
Fredrick,Hendrich,7399 Green Drive,Lynchburg,VA,24515,1-(434)862-3442
Emlyn,Patesel,5 Hagan Parkway,Wilmington,NC,28405,1-(910)511-3820
Danie,Latey,62 Scoville Plaza,Fort Worth,TX,76105,1-(682)918-6347
Ringo,Lawday,675 Katie Lane,Houston,TX,77271,1-(713)630-3026
Ingeborg,Bowlas,9 Express Place,Dallas,TX,75397,1-(214)882-5921
Chickie,Rowly,96 Kedzie Place,Scranton,PA,18514,1-(570)284-7944
Cazzie,Le Brum,7844 Bowman Road,Cheyenne,WY,82007,1-(307)947-9948
Fran,Balhatchet,2 Weeping Birch Pass,El Paso,TX,79940,1-(915)190-4690
Udall,Zanneli,0851 Hoard Parkway,Louisville,KY,40215,1-(502)319-5242
Frasier,Jeremiah,63261 Morningstar Trail,Pensacola,FL,32520,1-(850)426-7715
Stephannie,Mustchin,67 Surrey Center,Round Rock,TX,78682,1-(512)263-5382
Raynell,Richardson,97 Menomonie Street,Chicago,IL,60691,1-(312)932-5014
Aubry,Goforth,750 Fair Oaks Place,Shreveport,LA,71166,1-(318)321-0201
Amery,O'Keefe,2306 Welch Street,Los Angeles,CA,90015,1-(818)376-0808
Devy,Boath,08 Jackson Junction,Muskegon,MI,49444,1-(231)544-4097
Becki,Alvin,993 Glacier Hill Hill,Pensacola,FL,32505,1-(850)660-1917
Gwenore,Jagg,470 Miller Drive,Port Saint Lucie,FL,34985,1-(772)933-0714
Tobe,Sidwick,5373 Lotheville Pass,Boise,ID,83757,1-(208)166-0441
Cassie,Lutton,5 Debra Plaza,Lake Charles,LA,70616,1-(337)791-7012
Curry,Charlwood,390 Fremont Court,Topeka,KS,66611,1-(785)802-9871
Georg,Mityakov,62 Barby Road,Montgomery,AL,36125,1-(334)613-9211
Sophia,Donneely,2824 Sycamore Way,Springfield,MO,65805,1-(417)367-2407
Dorotea,Allaker,8420 Harper Court,Amarillo,TX,79118,1-(806)425-9806
Elicia,Febvre,980 Pankratz Hill,Jamaica,NY,11480,1-(917)494-2745
Davida,Ibel,7 Pleasure Center,Miami,FL,33134,1-(305)702-2835
Torrie,Soggee,338 Scofield Alley,Amarillo,TX,79171,1-(806)160-9008
Ancell,Crozier,3 Pennsylvania Avenue,San Antonio,TX,78260,1-(210)505-9439
Mariquilla,Epsly,56 Thackeray Street,Atlanta,GA,30358,1-(404)786-5435
Bernie,Salvin,1724 Jay Point,New York City,NY,10110,1-(917)581-5749
Lydia,Ellett,633 Randy Trail,Trenton,NJ,08603,1-(609)105-0494
Elvis,Lohering,1312 Donald Alley,New Haven,CT,06538,1-(203)711-7774
Marlo,Ellsom,49 Parkside Place,Montgomery,AL,36104,1-(334)902-7848
Elyse,Lavers,861 Shasta Place,Miami,FL,33245,1-(786)345-9241
Gerard,Swayte,30432 Sunfield Plaza,Littleton,CO,80127,1-(720)785-0190
Wadsworth,Wanderschek,9 8th Place,Atlanta,GA,30316,1-(678)383-2213
Olivie,Pala,96102 Walton Way,Lincoln,NE,68517,1-(402)232-7047
Clair,Pierton,62415 Maryland Trail,Grand Rapids,MI,49544,1-(616)102-5679
Brett,Peatt,70 Sachs Pass,Washington,DC,20404,1-(202)691-4978
Nikos,Blackadder,0366 Garrison Hill,Roanoke,VA,24020,1-(540)122-0335
Tadeo,Chowne,49004 Delaware Plaza,Salt Lake City,UT,84135,1-(801)239-6577
Emelda,Beslier,440 Hollow Ridge Drive,Tallahassee,FL,32309,1-(850)140-0689
Cristin,Trusse,73 Nevada Center,Columbia,SC,29220,1-(803)690-8896
Vincent,Fontel,470 Transport Drive,Waco,TX,76705,1-(254)548-3980
Ring,Guitte,2 Kedzie Road,Milwaukee,WI,53285,1-(414)593-5176
Ceil,Backs,3 Orin Court,Long Beach,CA,90831,1-(562)187-9023
Mortimer,Biddles,82658 Susan Hill,Milwaukee,WI,53215,1-(414)982-9964
Farrel,Bladon,1585 Anderson Way,Fort Lauderdale,FL,33345,1-(754)166-3580
Morly,Edinboro,6 Hoard Parkway,Shawnee Mission,KS,66276,1-(913)552-8260
Gay,Cranidge,077 Clove Trail,Bronx,NY,10474,1-(917)978-5040
Chiquita,Ewins,85235 Lakewood Gardens Avenue,Fort Wayne,IN,46857,1-(260)756-9518
Corina,Bagwell,546 Hoard Circle,Gaithersburg,MD,20883,1-(240)990-7141
Kimball,Clint,1 Dawn Road,Anniston,AL,36205,1-(256)425-9859
Sarene,Lowndsbrough,1004 Cascade Place,Daytona Beach,FL,32128,1-(386)646-3444
Allan,MacGray,6 Old Shore Crossing,Dallas,TX,75277,1-(214)208-4524
Grantley,Codeman,176 Elgar Terrace,Richmond,VA,23289,1-(804)455-1830
Hermon,Carstairs,96046 Everett Trail,Evansville,IN,47747,1-(812)807-5710
Derward,Branch,220 Hauk Alley,Brooklyn,NY,11215,1-(917)733-3664
Adolf,Trundell,19 Claremont Park,Macon,GA,31296,1-(478)415-0949
Rhodie,Fairrie,40 Goodland Alley,Salt Lake City,UT,84170,1-(801)520-2694
Edy,Stedman,92 Morrow Pass,Santa Monica,CA,90410,1-(310)447-1855
Clayson,Cardo,91 Armistice Pass,Milwaukee,WI,53234,1-(414)951-2420
Chev,Spata,30440 Dahle Park,Corpus Christi,TX,78410,1-(361)775-7471
Gabey,Cicchillo,9 Karstens Avenue,Dallas,TX,75397,1-(214)362-1825
Joachim,Reese,37243 Hayes Center,Evanston,IL,60208,1-(847)157-5865
Cos,Gon,6313 Oriole Street,Asheville,NC,28815,1-(828)338-7971
Jesus,Fallon,4 Myrtle Parkway,Charlotte,NC,28256,1-(704)258-8876
Delila,Metterick,759 Jenifer Lane,Harrisburg,PA,17110,1-(717)645-4052
Lee,Slessor,241 Manitowish Avenue,Bronx,NY,10459,1-(718)811-2716
Magdaia,Whyler,8 Maple Terrace,Indianapolis,IN,46278,1-(317)497-1451
Melli,Dawid,0 Maryland Way,Waco,TX,76705,1-(254)902-1852
Broderick,Abba,1685 Grasskamp Point,Tulsa,OK,74116,1-(918)290-0421
Winona,Stockbridge,9 Twin Pines Circle,Richmond,VA,23293,1-(804)752-8417
Lonny,Goncalo,53 Sundown Plaza,Murfreesboro,TN,37131,1-(615)826-4267
Clerissa,Farrier,3133 Northwestern Alley,New York City,NY,10175,1-(646)101-4879
Sileas,Trazzi,33808 Gale Way,Colorado Springs,CO,80915,1-(719)325-5874
Rouvin,Ocheltree,1423 6th Trail,Miami,FL,33180,1-(786)322-5653
Drusilla,Higginbottam,4 Stephen Pass,Asheville,NC,28805,1-(828)191-9255
Ilsa,Abbots,34031 Heath Lane,Washington,DC,20456,1-(202)299-1281
Eugene,Heinl,79 8th Court,Lexington,KY,40505,1-(859)374-7785
Lizabeth,Freyne,951 Schurz Pass,Washington,DC,20231,1-(202)238-1715
Reinaldo,Werlock,404 Hoard Circle,Houston,TX,77045,1-(281)258-4482
Aime,Ferson,0 Green Ridge Road,Santa Clara,CA,95054,1-(858)333-5790
Jeromy,Pahler,7139 Almo Center,Augusta,GA,30905,1-(706)435-4839
Karee,Brandon,8 Michigan Junction,Atlanta,GA,30323,1-(770)836-6443
Sheela,Reisenberg,57106 Ridge Oak Drive,Green Bay,WI,54305,1-(920)793-7063
Hilton,Matyatin,068 Mcbride Junction,Wilmington,DE,19897,1-(302)972-5002
Kellby,Dooher,45 Loftsgordon Pass,Fort Worth,TX,76121,1-(817)628-8822
Emmett,Stothart,84435 Lillian Center,Tacoma,WA,98424,1-(206)906-6440
Olva,Bartolacci,98 Oak Plaza,Tulsa,OK,74103,1-(918)920-3924
Abbott,Dat,83 Golf Court,Fort Wayne,IN,46862,1-(260)898-6739
Tess,Iacomini,4876 Fuller Circle,Peoria,IL,61640,1-(309)402-4382
Truda,Hartwright,59027 Starling Pass,Des Moines,IA,50347,1-(515)281-2295
Paulie,Doggart,6 Anzinger Point,Paterson,NJ,07522,1-(973)167-4654
Calli,Lemerie,73868 Arapahoe Parkway,Canton,OH,44720,1-(330)613-6799
Bettina,Mallows,6 Ridge Oak Court,Flint,MI,48505,1-(810)298-6002
Maris,Garrity,616 Weeping Birch Road,Syracuse,NY,13251,1-(315)931-4909
Solly,Kynvin,6524 Lillian Avenue,Tucson,AZ,85705,1-(520)994-3003
Freda,Foss,027 Calypso Hill,Roanoke,VA,24020,1-(540)960-8424
Boy,Hinkes,15 Schurz Crossing,Champaign,IL,61825,1-(217)285-7010
Bekki,Ling,01421 Basil Circle,Charlotte,NC,28289,1-(704)719-6676
Demetris,Guilloton,408 Debra Center,Loretto,MN,55598,1-(763)224-0236
Lars,D'Agostini,61803 Prentice Park,Cincinnati,OH,45249,1-(513)994-3904
Meris,Mulmuray,3109 Shoshone Way,Columbus,OH,43268,1-(614)543-9375
Guillermo,Lorne,567 Arkansas Road,Reno,NV,89510,1-(775)162-8109
Porty,Rollingson,538 Stoughton Parkway,Los Angeles,CA,90101,1-(213)788-0044
Kalindi,Gherarducci,9 Banding Avenue,Omaha,NE,68124,1-(402)977-7428
Rossie,McClaurie,5 Lakewood Gardens Pass,Washington,DC,20022,1-(202)973-1149
Parsifal,Smoughton,35599 Meadow Valley Parkway,Jacksonville,FL,32244,1-(904)403-0882
Conrade,McComiskey,86376 Kenwood Terrace,Atlanta,GA,30306,1-(404)535-8212
Lin,Mouncey,200 Lakewood Gardens Way,Detroit,MI,48224,1-(313)354-6613
Otto,Prazor,66242 Bashford Plaza,Tulsa,OK,74126,1-(918)495-5600
Ringo,Brierley,5388 Northridge Junction,Juneau,AK,99812,1-(907)544-9998
Jarret,Farrear,3 Dahle Avenue,Arlington,TX,76016,1-(817)808-6986
Loralyn,Patrone,6 Montana Court,Washington,DC,20508,1-(202)109-2174
Cobbie,Radsdale,25130 Riverside Hill,Tulsa,OK,74193,1-(918)442-5143
Pryce,Georgot,272 Monterey Lane,Duluth,GA,30096,1-(770)267-3706
Judie,Meynell,319 Division Trail,Huntington,WV,25721,1-(304)679-6580
Hadlee,Sollas,35 Knutson Center,El Paso,TX,88535,1-(915)985-2695
Hillary,Burndred,032 Golf Course Lane,New Brunswick,NJ,08922,1-(732)332-0620
Domenic,Lamprecht,1314 Red Cloud Crossing,Atlanta,GA,31196,1-(404)643-3635
Lillis,Drewery,9263 Hooker Point,Jersey City,NJ,07310,1-(908)466-1497
Debi,Krahl,64 Old Shore Court,Kansas City,MO,64101,1-(816)957-5696
Lemar,Van der Linde,96943 Grasskamp Plaza,Vancouver,WA,98687,1-(360)182-8284
Blondelle,Espley,9 Mccormick Hill,Newark,NJ,07104,1-(973)786-7409
Rudd,Andrzej,143 Dennis Place,Washington,DC,20010,1-(202)815-9698
Tanney,Gerb,41 Merrick Center,Charlotte,NC,28225,1-(704)882-5424
Dominique,Christall,1139 Mockingbird Terrace,Green Bay,WI,54313,1-(920)622-6966
Roderick,Binding,47 Bellgrove Park,Gadsden,AL,35905,1-(256)102-3029
Lenci,Myrtle,8 Bay Road,Florence,SC,29505,1-(843)379-6402
Pennie,Stanion,58 Westridge Crossing,Evansville,IN,47732,1-(812)490-3147
Meyer,Franks,0239 Claremont Drive,Minneapolis,MN,55487,1-(612)266-2144
Dannie,Andreini,8312 Caliangt Parkway,Boise,ID,83727,1-(208)131-4714
Coretta,Oleksinski,6521 Express Place,Louisville,KY,40210,1-(502)863-1009
Merl,Klesl,1408 Redwing Plaza,San Jose,CA,95118,1-(408)206-1452
Stanislaw,Grigolon,57835 Harper Crossing,Atlanta,GA,30380,1-(404)432-2426
Ellsworth,Rickson,30388 Barnett Alley,Boston,MA,02298,1-(617)173-8342
Godfrey,Chesswas,6195 Maywood Street,Jackson,MS,39204,1-(601)430-3660
Farley,Dibbert,3 Mcguire Park,Louisville,KY,40293,1-(502)661-5836
Karlik,Bawme,69 Clove Lane,Knoxville,TN,37939,1-(865)393-1627
Rorke,Knaggs,338 Reinke Junction,Saint Petersburg,FL,33705,1-(813)317-5560
Bell,Gate,9 Thompson Point,Concord,CA,94522,1-(925)607-6786
Ripley,Vokins,37 Harbort Junction,Honolulu,HI,96815,1-(808)304-2292
Silvanus,Saph,42853 Montana Terrace,Washington,DC,20566,1-(202)193-6719
Ashlin,Riditch,3 Rowland Park,Tampa,FL,33610,1-(813)396-4499
Templeton,Squibe,36 Moland Alley,Saint Louis,MO,63143,1-(314)332-0672
Ancell,Engelmann,67269 Waubesa Alley,Mobile,AL,36689,1-(251)247-1452
Lacy,Teacy,58157 Onsgard Court,Beaverton,OR,97075,1-(503)436-7622
Sonny,Handasyde,11 Miller Parkway,San Antonio,TX,78260,1-(830)934-2025
Katherina,Proudlock,99 Carioca Trail,Miami,FL,33147,1-(305)241-3026
Esmaria,Speedy,574 Clemons Crossing,Spokane,WA,99205,1-(509)396-1423
Aubry,Leggen,79334 Arizona Park,Santa Barbara,CA,93106,1-(805)807-9817
Lorna,Gerlts,9301 Artisan Court,Laurel,MD,20709,1-(301)177-5878
Diahann,Waterhowse,8764 Burrows Circle,Tucson,AZ,85737,1-(520)873-8381
Winne,Olwen,3 Mcbride Plaza,Jamaica,NY,11499,1-(212)654-5377
Alexis,d' Elboux,564 Kings Plaza,Tulsa,OK,74108,1-(918)451-6826
Algernon,Stroder,631 Pawling Center,Burbank,CA,91520,1-(818)751-3819
Dorette,Gutridge,819 Service Terrace,New York City,NY,10079,1-(212)326-1035
Bradford,Mignot,329 Heath Park,Houston,TX,77293,1-(281)853-7721
Sophey,Lozano,05 Mosinee Way,Huntington,WV,25775,1-(304)456-7115
Chastity,Cran,1 Dorton Hill,Sandy,UT,84093,1-(801)527-5515
Immanuel,Frye,260 Hayes Hill,Colorado Springs,CO,80940,1-(719)372-0911
Hana,Bottom,0 Crest Line Trail,Racine,WI,53405,1-(262)586-9116
Chrotoem,Veevers,5 Kedzie Parkway,Grand Junction,CO,81505,1-(970)239-2584
Crista,Grieg,5 Buhler Circle,Oklahoma City,OK,73119,1-(405)710-7726
Farrah,Summerson,3609 Delaware Parkway,Honolulu,HI,96845,1-(808)212-4992
Meggy,Bowater,009 8th Drive,El Paso,TX,88558,1-(915)699-8834
Kellen,O' Finan,70 Forster Crossing,Scranton,PA,18505,1-(570)227-5404
Bonny,Hindge,482 Hintze Point,Birmingham,AL,35295,1-(205)152-7271
Gard,Oakinfold,8347 Anhalt Street,Muncie,IN,47306,1-(765)348-6331
Jessamyn,Perigoe,7 Sutherland Way,Dallas,TX,75236,1-(469)659-3095
Filippo,Geipel,99 Spaight Parkway,Mesquite,TX,75185,1-(214)823-5237
Chrissy,Grafton,7611 Oakridge Alley,Charleston,WV,25331,1-(304)458-0365
Devonne,Keers,0 Bultman Junction,Peoria,IL,61629,1-(309)875-8273
Leena,Tzarkov,5655 Thackeray Place,Durham,NC,27710,1-(919)647-9495
Roderic,Sparshatt,5106 David Circle,Little Rock,AR,72215,1-(501)391-7791
Edee,Matteoli,03 Lunder Avenue,Laurel,MD,20709,1-(410)414-7741
Astrid,Steaning,14 Butterfield Circle,Chicago,IL,60624,1-(312)633-9512
Staci,Nelthrop,539 Claremont Park,Miami,FL,33233,1-(786)448-7766
Jeanine,Wainscoat,3 Muir Center,Memphis,TN,38114,1-(901)603-9322
Brit,Lawrence,770 Northland Place,Tyler,TX,75705,1-(903)149-9601
Lucio,Hounsome,6 Eastwood Terrace,Atlanta,GA,31132,1-(404)640-6821
Roseann,Liven,490 Oakridge Court,Chicago,IL,60609,1-(773)898-4903
Xena,Tocher,13 Namekagon Point,Ogden,UT,84409,1-(801)586-9458
Aindrea,Aasaf,095 Forest Run Parkway,San Francisco,CA,94177,1-(415)211-3428
Pegeen,Lille,18 Schlimgen Way,Bellevue,WA,98008,1-(206)834-6839
Kenna,Rentelll,2556 Heffernan Alley,Minneapolis,MN,55480,1-(612)782-7797
Denna,Yancey,157 Sutherland Circle,Utica,NY,13505,1-(315)701-7699
Ransell,Murdie,6 Ludington Place,Trenton,NJ,08695,1-(609)674-0556
Cullie,Colling,68 Dennis Junction,Glendale,AZ,85311,1-(602)673-6195
Tracey,Arrault,90 Chinook Circle,Dallas,TX,75251,1-(469)295-8473
Bree,Hanaby,3 Loeprich Place,New York City,NY,10131,1-(212)807-7333
Colly,Rowlstone,6 American Road,Macon,GA,31217,1-(478)835-6420
Nomi,Hodgon,72201 Prairie Rose Avenue,Albuquerque,NM,87140,1-(505)893-9433
Hamlen,Deackes,9308 Oxford Avenue,Saint Cloud,MN,56398,1-(320)204-0319
Cathie,Aggott,7 West Point,Los Angeles,CA,90005,1-(323)379-6132
Vonny,Lavell,5 Doe Crossing Hill,Fairfax,VA,22036,1-(571)468-8181
Nichole,Shoebridge,8118 Emmet Center,Nashville,TN,37235,1-(615)561-2647
Fernando,Bossons,5 Tony Drive,Davenport,IA,52809,1-(563)861-3215
Dare,Barrasse,9833 Mosinee Lane,El Paso,TX,79940,1-(915)299-6985
Fabio,Dransfield,9 Blue Bill Park Parkway,Las Vegas,NV,89150,1-(702)913-9746
Lilah,Havick,5 6th Place,Aiken,SC,29805,1-(803)753-8975
Wilden,Di Filippo,2 Reinke Way,Washington,DC,20220,1-(202)786-5724
Dorine,Killough,40197 Claremont Junction,Pensacola,FL,32505,1-(850)380-2101
Christin,Uman,971 Village Parkway,Omaha,NE,68105,1-(402)110-5153
Maynord,Lorking,9 Laurel Point,Rochester,NY,14624,1-(585)799-3469
Junia,Doick,4887 Dunning Center,Washington,DC,20022,1-(202)413-2423
Sissie,Goodhay,63 Holmberg Drive,Brea,CA,92822,1-(714)276-6908
Paulette,Bambery,4 Norway Maple Lane,Houston,TX,77085,1-(713)720-3635
Martyn,Coyle,0 Manley Road,Edmond,OK,73034,1-(405)419-5260
Anstice,Cadle,79 Vernon Plaza,Atlanta,GA,30301,1-(770)785-7718
Sheela,Barette,1 Summerview Junction,Dayton,OH,45490,1-(937)794-9002
De,Applewhite,6 Buell Terrace,San Diego,CA,92191,1-(619)588-6268
Tome,Giacopetti,70783 Twin Pines Alley,Myrtle Beach,SC,29579,1-(843)748-6911
Simonette,Yesichev,7 Vernon Terrace,Des Moines,IA,50330,1-(515)148-7793
Allison,Jobey,81 Comanche Court,Huntsville,AL,35895,1-(256)947-5980
Kaiser,Dowrey,8 Warner Hill,Amarillo,TX,79116,1-(806)209-0007
Pamelina,McDill,7146 Sullivan Hill,Reading,PA,19610,1-(610)520-5524
Carmon,Raftery,3743 Northview Trail,New York City,NY,10203,1-(212)658-9332
Ada,Chrismas,57 Ridgeview Plaza,Milwaukee,WI,53210,1-(414)917-5456
Brandice,Rallinshaw,0851 Dryden Way,Houston,TX,77271,1-(713)951-9857
Zabrina,Pinckney,04 Katie Trail,Springfield,MA,01105,1-(413)499-9846
Celestyna,Jakeman,8 Westridge Place,Amarillo,TX,79171,1-(806)760-7260
Lea,Lamkin,1525 Mccormick Hill,Mobile,AL,36605,1-(251)763-8422
Demott,Gavigan,8 Acker Parkway,Mobile,AL,36622,1-(251)331-2868
Grantley,Hillan,80 Waywood Road,Inglewood,CA,90398,1-(310)662-2007
Tootsie,Goede,47 Bayside Plaza,Atlanta,GA,30301,1-(678)856-0239
Arden,Swannick,410 Towne Circle,Detroit,MI,48232,1-(313)586-7895
Charlean,Pinfold,1 Beilfuss Lane,Huntington,WV,25709,1-(304)701-0712
Jeramey,Limprecht,90852 Express Court,Peoria,IL,61651,1-(309)171-0213
Godart,Buxton,2117 Kings Way,Colorado Springs,CO,80940,1-(719)777-7278
Joellen,Asprey,215 Haas Pass,San Antonio,TX,78205,1-(210)246-7314
Belicia,Hebbes,37880 Farragut Parkway,San Antonio,TX,78225,1-(210)265-1297
Morgen,Lacrouts,49870 Fremont Center,Santa Ana,CA,92705,1-(949)256-2403
Burch,Martlew,06229 Commercial Point,Oklahoma City,OK,73147,1-(405)186-0367
Isidore,Tyres,01 Union Center,San Jose,CA,95118,1-(408)702-4525
Theresita,Betham,25833 Bellgrove Point,Charlotte,NC,28272,1-(704)177-0925
Fedora,Denning,524 Hovde Parkway,Louisville,KY,40256,1-(502)598-1792
Paton,Dodle,8086 Straubel Trail,Chicago,IL,60619,1-(773)936-4522
Joe,Corby,4053 Columbus Place,Newark,NJ,07195,1-(862)242-0755
Orren,Pickervance,4761 Superior Plaza,Tampa,FL,33661,1-(813)356-7704
Winnifred,Petracchi,1119 Truax Park,San Antonio,TX,78260,1-(830)290-4761
Chas,Durward,05552 Sullivan Crossing,Las Vegas,NV,89130,1-(702)593-9628
Aurea,Leasor,4756 Fairfield Terrace,Roanoke,VA,24020,1-(540)817-8280
Moyra,Beesley,85 American Ash Plaza,Columbus,OH,43215,1-(513)632-8284
Gamaliel,Busfield,32631 Maple Wood Plaza,Washington,DC,20436,1-(202)546-6143
Georgina,Rosenstiel,91327 Knutson Alley,Toledo,OH,43635,1-(419)589-7538
Rana,Rowett,06 Derek Avenue,Chicago,IL,60686,1-(312)608-3773
Edvard,Vedekhin,1873 Karstens Parkway,Birmingham,AL,35263,1-(205)570-4118
Catrina,Allin,40241 East Street,Jefferson City,MO,65110,1-(573)192-0662
Felix,Pearch,5527 Lakewood Gardens Point,Austin,TX,78732,1-(512)389-5390
Fionnula,Phelan,8 Myrtle Street,Honolulu,HI,96835,1-(808)461-7546
Cynthea,Spykins,47 Manley Circle,San Antonio,TX,78230,1-(210)277-9443
Vidovik,Tunbridge,8 Summit Trail,Annapolis,MD,21405,1-(443)196-5558
Lenka,Stidever,8 Thackeray Lane,Warren,OH,44485,1-(330)179-5360
Lucias,Rochford,21423 Pleasure Trail,Sacramento,CA,94263,1-(916)681-0725
Drusy,Beckingham,594 Gina Parkway,Colorado Springs,CO,80940,1-(719)211-3299
Frederich,Suddards,8 Miller Crossing,Fort Worth,TX,76129,1-(817)826-6578
Leela,Hayler,4 Hudson Center,Saint Paul,MN,55146,1-(651)526-8397
Giustino,Saggers,0392 Bluestem Point,Seattle,WA,98166,1-(360)793-9537
Wyatt,Panswick,2 Larry Hill,Albuquerque,NM,87140,1-(505)953-0311
Therine,Sartin,2299 Gale Pass,Madison,WI,53785,1-(608)803-8541
Alfreda,Marke,69 Truax Terrace,Shreveport,LA,71161,1-(318)621-3338
Kylynn,Brocklebank,4390 Crescent Oaks Terrace,Washington,DC,20051,1-(202)538-3762
Fanchon,Witts,6160 Garrison Point,Saint Petersburg,FL,33742,1-(727)536-7308
Jody,Jilliss,60438 Ridgeway Street,Cincinnati,OH,45249,1-(513)671-0018
Carol,Laraway,65073 Annamark Alley,Des Moines,IA,50320,1-(515)505-0623
Keene,Greason,43 Truax Street,Arlington,VA,22205,1-(571)969-1867
Torr,Islep,8 Eagan Drive,Erie,PA,16534,1-(814)508-7211
Breena,Napoleone,8558 Birchwood Trail,Newport News,VA,23612,1-(757)204-0661
Norbie,Mc Curlye,885 Independence Circle,Washington,DC,20036,1-(202)270-3856
Judd,Pressey,79510 Vernon Road,Bronx,NY,10454,1-(718)875-5492
Liane,Firmin,00073 Reinke Drive,Shreveport,LA,71115,1-(318)407-0403
Imelda,Ferri,21071 Scofield Plaza,Lehigh Acres,FL,33972,1-(239)508-4218
Shawnee,Jacop,8746 Weeping Birch Terrace,Memphis,TN,38197,1-(901)625-0278
Carlotta,Pasque,9454 Gina Parkway,Crawfordsville,IN,47937,1-(765)902-6926
Rice,Cestard,871 Eastwood Crossing,Fresno,CA,93704,1-(209)996-3014
Bale,Valentinuzzi,4229 Linden Place,Springfield,IL,62794,1-(217)700-3487
Janice,Pashby,726 Mifflin Circle,Albany,NY,12205,1-(518)444-3025
Ed,Lamdin,4154 Raven Trail,Oklahoma City,OK,73173,1-(405)140-3985
Joscelin,Schout,48178 Center Terrace,Boston,MA,02114,1-(857)804-5206
Royal,Pietzker,0 Evergreen Road,Hartford,CT,06160,1-(860)360-3729
Kamilah,Tingly,809 John Wall Way,Canton,OH,44705,1-(330)746-4797
Alwyn,Ramshaw,390 Burrows Hill,Rochester,NY,14604,1-(585)101-9274
Elisabeth,Antrag,79195 Kenwood Road,Johnstown,PA,15906,1-(814)691-0312
Briny,Romeo,32 Duke Street,Jackson,MS,39296,1-(601)834-6983
Prudi,Glasheen,633 Lien Avenue,Salt Lake City,UT,84170,1-(801)531-7568
Ashla,Whieldon,2003 Monument Crossing,Fullerton,CA,92835,1-(714)402-0713
Ogden,Hegden,16519 Killdeer Court,Cincinnati,OH,45296,1-(513)257-3235
Fanni,Hamsson,0 Mayfield Junction,Knoxville,TN,37931,1-(865)173-6814
Cherilynn,Le Grand,3013 Bayside Street,Saint Paul,MN,55114,1-(651)856-5492
Sonia,Shildrick,0505 Stang Junction,New York City,NY,10260,1-(212)345-2474
Morse,McCrae,565 Dwight Pass,Durham,NC,27710,1-(919)909-5077
Hilary,Gulleford,6335 Tony Road,Colorado Springs,CO,80940,1-(719)211-1539
Dela,Shepton,499 Dapin Avenue,Lees Summit,MO,64082,1-(816)785-6838
Meier,Edelheit,10821 Loftsgordon Parkway,Minneapolis,MN,55423,1-(952)480-6196
Anne-corinne,Scholte,774 Artisan Drive,New York City,NY,10275,1-(212)677-2665
Davina,Holyland,0 Beilfuss Lane,Odessa,TX,79769,1-(432)528-1894
Mora,Huffadine,8 Pennsylvania Trail,Cincinnati,OH,45203,1-(513)649-3427
Salomon,Smallacombe,027 Pennsylvania Parkway,Lexington,KY,40586,1-(859)783-7437
Asia,Feek,76338 Golden Leaf Park,Richmond,VA,23260,1-(804)180-6280
Henrietta,Pietruszka,1072 Brentwood Drive,Oklahoma City,OK,73124,1-(405)477-2976
Delmore,Bethune,865 Oneill Place,Des Moines,IA,50305,1-(515)744-2645
Friederike,Varsey,4853 Mayer Pass,Saint Cloud,MN,56372,1-(320)235-4744
Larine,Thominga,6201 Pankratz Parkway,Rochester,NY,14652,1-(585)587-8982
Cyndy,Loines,051 Pawling Point,Washington,DC,20409,1-(202)841-5771
Allin,Sapey,9 Carioca Circle,Richmond,VA,23225,1-(540)297-4661
Cosme,Vannoort,914 Moose Crossing,Midland,TX,79710,1-(432)892-8813
Mike,Todarini,893 Dexter Way,Las Vegas,NV,89160,1-(702)893-7518
Anna-diana,Depper,2279 Duke Avenue,Trenton,NJ,08695,1-(609)943-7045
Carmelita,Walpole,32087 Warrior Point,Gadsden,AL,35905,1-(256)625-0957
Erick,Fearon,40 Village Terrace,Sacramento,CA,94207,1-(916)973-9591
Aurthur,Jarrard,08038 Florence Hill,Pasadena,CA,91109,1-(818)162-6693
Gram,Capper,15242 Clemons Road,Richmond,VA,23203,1-(804)170-0405
Rory,Legges,70763 Fuller Road,Colorado Springs,CO,80951,1-(719)759-0566
Abeu,Scrivinor,21 Fallview Plaza,Delray Beach,FL,33448,1-(561)622-4582
Florian,Yukhnini,7467 Packers Center,Jacksonville,FL,32255,1-(904)254-9614
Jarib,Crampton,038 Fordem Avenue,Saint Louis,MO,63169,1-(314)581-5565
Trevar,Golden of Ireland,678 Grover Circle,North Little Rock,AR,72118,1-(501)309-9122
Rayner,De Bruyne,6472 Fordem Court,Pittsburgh,PA,15286,1-(412)823-3601
Evanne,Mulqueeny,30 Vahlen Alley,Hollywood,FL,33023,1-(305)761-2544
Olly,Abethell,9 Hanover Place,San Jose,CA,95138,1-(408)524-0226
Bettye,Baiss,4790 Golf View Court,Helena,MT,59623,1-(406)684-8936
Brett,Verissimo,16355 Grasskamp Parkway,Baton Rouge,LA,70810,1-(225)142-2960
Sullivan,Thacker,79 Mayfield Parkway,Roanoke,VA,24004,1-(540)667-2772
Shawn,Mohammed,1744 Graedel Point,Las Vegas,NV,89145,1-(702)617-6466
Nixie,Prescot,21374 Fairfield Point,San Antonio,TX,78250,1-(210)518-1285
Shayne,Franchyonok,4872 Schlimgen Pass,Yakima,WA,98907,1-(509)132-1913
Bert,Tolman,6 Coleman Point,Cincinnati,OH,45254,1-(513)591-5238
Yancey,Hardinge,536 Lunder Drive,Oklahoma City,OK,73104,1-(405)998-1410
Melisse,Scurry,2 Crownhardt Crossing,Richmond,VA,23285,1-(804)594-2416
Juditha,Gullefant,89716 6th Alley,West Palm Beach,FL,33416,1-(561)130-1775
Pinchas,Twidell,7679 Vahlen Point,Boynton Beach,FL,33436,1-(561)345-4815
Rozalin,Folkes,3 Arkansas Way,Sacramento,CA,95865,1-(916)602-0780
Cheri,Lerohan,95975 Butterfield Place,San Antonio,TX,78255,1-(830)640-7018
Kile,Raffon,16268 Everett Street,Buffalo,NY,14269,1-(716)245-1056
Morley,Allward,8506 Fairview Avenue,Amarillo,TX,79116,1-(806)328-0792
Missie,Kier,50264 Bayside Park,Cleveland,OH,44130,1-(216)996-7415
Libbie,Meakes,6 Oxford Alley,Springfield,MO,65898,1-(417)718-2223
Ignatius,Creaser,8725 Claremont Terrace,Oakland,CA,94622,1-(510)997-8358
Opalina,Horsburgh,6255 Birchwood Park,Evansville,IN,47732,1-(812)691-4739
Andromache,Malinowski,6754 Hoepker Place,Cambridge,MA,02142,1-(857)123-1399
Daisey,Binion,908 Blackbird Parkway,Phoenix,AZ,85020,1-(480)597-4747
Packston,Danbrook,6553 Forest Dale Hill,Charlotte,NC,28289,1-(704)615-2271
Candie,Braidman,3682 Sullivan Plaza,Woburn,MA,01813,1-(339)548-3455
Harley,Rotham,18 Southridge Drive,Philadelphia,PA,19184,1-(215)641-0130
Darius,Bernadzki,944 Merry Park,Columbus,OH,43268,1-(614)611-3087
Allx,Millen,94986 Messerschmidt Parkway,Austin,TX,78715,1-(512)628-0068
Phedra,Finnis,5199 Bultman Circle,Fort Worth,TX,76192,1-(682)619-6483
Marga,Castleton,81538 Schurz Parkway,Cincinnati,OH,45249,1-(513)864-0037
Elisabeth,Dutch,78 Norway Maple Crossing,Indianapolis,IN,46207,1-(317)222-9553
Pincas,Somerled,90 Brentwood Pass,Mobile,AL,36622,1-(251)721-2777
Sarette,Punton,94233 Continental Point,Minneapolis,MN,55470,1-(612)618-7675
Reggie,McIlroy,712 Wayridge Park,Dallas,TX,75392,1-(214)577-8391
Inesita,Barczynski,3 Eastlawn Parkway,New York City,NY,10060,1-(646)128-1304
Dorolice,Abbe,68245 3rd Drive,San Antonio,TX,78245,1-(210)994-7026
Dela,Merrisson,4586 Carpenter Court,Hartford,CT,06120,1-(860)575-5954
Callida,Rosewell,184 Fieldstone Point,Dayton,OH,45426,1-(937)781-9191
Beilul,Smeall,2 Meadow Vale Alley,New Orleans,LA,70187,1-(504)527-7850
Danella,Guilder,507 North Center,Colorado Springs,CO,80910,1-(719)781-0876
Gwyneth,Mainz,28 Kings Pass,Fairbanks,AK,99790,1-(907)457-2993
Zechariah,Luckwell,854 Scoville Park,Orlando,FL,32885,1-(407)719-8462
Morgen,Burdoun,678 Gulseth Court,Boulder,CO,80328,1-(303)188-7402
Mersey,Challenor,6713 Eastlawn Road,Dallas,TX,75310,1-(214)917-7017
Siffre,Balazs,48068 Stephen Parkway,Miami,FL,33158,1-(786)749-8793
Biddy,Hutton,3988 La Follette Avenue,Merrifield,VA,22119,1-(571)516-4085
Ichabod,Michelet,0 Carpenter Junction,Sacramento,CA,95865,1-(916)154-7972
Elmer,Edbrooke,53375 Ronald Regan Hill,Annapolis,MD,21405,1-(410)130-7989
Perrine,Chucks,24 Mifflin Crossing,Fort Worth,TX,76198,1-(682)725-0289
Alain,Raymen,6439 Old Shore Road,Philadelphia,PA,19109,1-(215)342-6736
Greer,Walthew,99718 Monica Street,Spokane,WA,99210,1-(509)140-2498
Trula,Cess,07 Hansons Place,Salt Lake City,UT,84189,1-(801)682-3749
Towny,Pritchitt,11 Meadow Ridge Junction,Cincinnati,OH,45213,1-(513)205-3981
Nonnah,Feighney,8917 Jay Plaza,Hamilton,OH,45020,1-(937)999-4817
Nevin,Avramovich,125 Rowland Road,South Lake Tahoe,CA,96154,1-(530)326-6034
Julie,Lowson,6 Mayer Avenue,Toledo,OH,43699,1-(419)942-9731
Atlante,Hartland,221 Pawling Point,San Antonio,TX,78205,1-(210)295-1591
Staford,Goatman,3600 Del Mar Court,Seattle,WA,98115,1-(425)614-8294
Curran,Pritchett,6013 Northview Circle,Austin,TX,78789,1-(512)932-3875
Urbanus,Mate,52 Schlimgen Court,Grand Rapids,MI,49544,1-(616)411-3706
Legra,Esser,9757 Memorial Court,Waco,TX,76796,1-(254)153-3904
Dinah,Yansons,5433 Brickson Park Point,Atlanta,GA,30336,1-(404)484-7319
Verile,Rekes,1898 Autumn Leaf Avenue,Cincinnati,OH,45218,1-(513)632-6446
Codie,Hartness,0 Welch Avenue,Memphis,TN,38126,1-(901)211-1983
Cyndia,Frickey,79078 Towne Point,Huntington,WV,25726,1-(304)140-2322
Enrichetta,Fritschel,0822 Eggendart Plaza,Garland,TX,75049,1-(214)870-1172
Son,Santarelli,0 Dottie Lane,Charleston,WV,25305,1-(304)114-7497
Denny,McGavin,41936 Haas Street,Boston,MA,02119,1-(978)782-8789
Oby,Langmaid,3 Ilene Center,Yonkers,NY,10705,1-(914)897-6126
Veda,Churchard,3 Esch Court,Raleigh,NC,27605,1-(919)373-3056
Lorilyn,Gurry,4159 Marquette Park,Louisville,KY,40233,1-(502)455-8939
Chrissy,Buckel,679 Pearson Hill,Corpus Christi,TX,78465,1-(361)884-0523
Marcos,Worvill,7 Corscot Pass,Odessa,TX,79769,1-(432)939-4903
Nollie,Hargerie,504 Rockefeller Avenue,Wichita,KS,67215,1-(316)991-4718
Clarita,Gibke,27385 Summerview Drive,Petaluma,CA,94975,1-(707)179-4129
Melisandra,Winsbury,3513 Milwaukee Alley,Reno,NV,89519,1-(775)690-6924
Linnell,Pacher,57 Ridgeway Park,Seattle,WA,98158,1-(425)397-0544
Myrtice,Geraldo,4 Gina Trail,Phoenix,AZ,85040,1-(480)401-0315
Cyrus,Tuftin,87 Eliot Park,Fort Worth,TX,76198,1-(682)819-9422
Gerhard,Rodenburg,03606 Oneill Avenue,Winston Salem,NC,27157,1-(336)639-8572
Maiga,Klais,8216 High Crossing Road,Tampa,FL,33661,1-(813)630-4286
Colly,Scading,9 Prentice Way,Boston,MA,02104,1-(318)753-3905
Ugo,Donohoe,996 Melvin Drive,Stockton,CA,95205,1-(209)633-8044
Birk,Sword,35 Moulton Way,Staten Island,NY,10305,1-(718)102-4268
Brittaney,Strephan,79 Eagle Crest Court,Saint Louis,MO,63180,1-(314)421-8428
Courtney,Bottoms,71 Texas Hill,San Francisco,CA,94105,1-(415)267-1403
Griff,Lassetter,204 Old Shore Point,Shreveport,LA,71161,1-(318)679-5845
Susannah,Jendrach,82 Commercial Street,Houston,TX,77090,1-(281)171-8793
Mariann,Methuen,28980 Cody Point,New York City,NY,10034,1-(212)805-1350
Julie,Houseman,4 Clyde Gallagher Alley,Billings,MT,59112,1-(406)979-0268
Philis,Taplow,5 Becker Parkway,San Diego,CA,92115,1-(619)808-0127
Lorenzo,Whyler,28522 Moland Way,Peoria,IL,61651,1-(309)743-3284
Farrand,Fairs,7 Hauk Circle,Albuquerque,NM,87105,1-(505)325-2834
Bobbette,Tilbury,2 Badeau Road,Tampa,FL,33615,1-(813)979-7796
Billy,Boas,198 Monterey Court,Washington,DC,20430,1-(202)100-2885
Tammie,Antuk,10833 Calypso Point,San Antonio,TX,78285,1-(210)909-1948
Manon,Robertsson,57899 Oakridge Plaza,Oakland,CA,94660,1-(510)265-5434
Dan,Dyball,9962 Derek Drive,Metairie,LA,70033,1-(504)754-3644
Gwyneth,Buxcy,42 Di Loreto Street,Pasadena,CA,91199,1-(626)511-9099
Eustace,Glaisner,2315 Monument Junction,Pittsburgh,PA,15250,1-(412)208-7136
Peri,Wibberley,7 Arizona Junction,Lakeland,FL,33811,1-(863)523-1602
Freddy,Mendonca,9 Ridgeview Hill,Erie,PA,16505,1-(814)439-8676
Brandtr,Tolmie,6 Ridgeview Way,Charlotte,NC,28278,1-(704)447-3565
Andria,Peers,1 Clemons Crossing,Vienna,VA,22184,1-(571)255-9931
Carson,Thomsson,6433 Lake View Point,Akron,OH,44310,1-(330)887-9804
Demetrius,Jirus,42 Maple Street,Pittsburgh,PA,15250,1-(412)837-1984
Angelita,Smithen,5130 Lerdahl Avenue,Cleveland,OH,44197,1-(216)209-0120
Timmy,Faircliffe,4 Pond Plaza,Cincinnati,OH,45264,1-(513)730-2014
Chaddie,Littlejohns,2 Sheridan Trail,Oklahoma City,OK,73119,1-(405)365-5362
Dorthea,Carrington,3900 Quincy Alley,Brooklyn,NY,11231,1-(718)325-0114
Thomasin,Tabbitt,13 Ruskin Court,Cincinnati,OH,45999,1-(513)869-5173
Shaun,Stapele,604 Hansons Junction,Topeka,KS,66611,1-(785)938-4771
Manny,Pinder,46709 Shoshone Crossing,Shreveport,LA,71151,1-(318)351-1193
Aleta,Berrill,795 Autumn Leaf Court,Topeka,KS,66642,1-(785)711-4913
Everard,Otton,6234 Nelson Trail,Houston,TX,77095,1-(713)319-0597
Nevin,Shippard,868 Columbus Alley,Norwalk,CT,06854,1-(203)324-4665
Allin,Cotillard,46785 Moland Court,Beaumont,TX,77705,1-(936)501-2095
Carver,Greathead,909 Sommers Point,Shawnee Mission,KS,66276,1-(913)187-2027
Velvet,Brignell,620 Norway Maple Hill,Los Angeles,CA,90010,1-(626)485-3292
Evie,Aubray,36938 Susan Parkway,Atlanta,GA,30316,1-(770)711-3098
Guinna,Savoury,988 Dahle Crossing,Dayton,OH,45426,1-(937)664-8806
Sheryl,Hamshaw,13723 Sutteridge Way,New York City,NY,10024,1-(212)720-2502
Whitman,Raittie,3609 Manley Terrace,Oxnard,CA,93034,1-(805)595-8213
Helaine,McIlroy,806 Leroy Drive,Minneapolis,MN,55402,1-(952)601-8849
Cecelia,Glendenning,959 Green Ridge Plaza,San Francisco,CA,94142,1-(415)799-6253
Corly,Crumley,42194 Monterey Parkway,Brooklyn,NY,11241,1-(347)392-5917
Brittaney,Carefull,53 Dahle Drive,Richmond,VA,23242,1-(804)285-1264
Janaya,Burcher,03944 Straubel Road,Des Moines,IA,50981,1-(515)856-4994
Lise,Ludee,3679 Oneill Court,Philadelphia,PA,19151,1-(215)828-5900
Katerine,Scantleberry,4841 Graedel Lane,Philadelphia,PA,19115,1-(267)318-7628
Lebbie,Dengel,8381 Mayer Way,Alexandria,VA,22301,1-(202)360-0939
Giorgia,Brave,5266 Dwight Hill,Fresno,CA,93750,1-(559)422-7506
Cassie,Jurkowski,4769 Shasta Court,Watertown,MA,02472,1-(857)560-6022
Caresa,Anscott,294 Scott Crossing,Spring,TX,77388,1-(281)231-0860
Heriberto,Vannuccini,1761 Golf View Hill,Fort Myers,FL,33906,1-(239)946-0495
Llewellyn,Reape,80 Scofield Trail,Spokane,WA,99210,1-(509)760-0401
Courtnay,McKelvey,339 Bunting Center,Miami,FL,33190,1-(786)411-6170
Welby,McCreadie,78529 Kingsford Drive,Washington,DC,20535,1-(202)222-5517
Denni,O'Flaherty,69 Fieldstone Center,Detroit,MI,48258,1-(734)715-4602
Ofilia,Dimberline,3537 Eagle Crest Parkway,Montgomery,AL,36109,1-(334)297-7549
Natal,Mackison,0813 Kensington Terrace,South Bend,IN,46620,1-(574)360-5036
Brigid,Meryett,602 Burrows Court,Spring,TX,77388,1-(713)946-4546
Raoul,Blythe,738 Tennessee Hill,Gaithersburg,MD,20883,1-(240)608-4557
Cami,McNeice,0295 Moulton Point,Carson City,NV,89706,1-(775)329-5410
Pauly,Bartolomeotti,2081 Aberg Park,Littleton,CO,80126,1-(720)538-4302
Pennie,Ciccotto,04 Rockefeller Place,Portland,OR,97271,1-(971)978-4113
Dunstan,Proswell,307 Killdeer Road,Washington,DC,20088,1-(202)410-1264
Glori,Banane,44 International Crossing,Boise,ID,83732,1-(208)419-9829
Fania,Copes,76 Jay Point,Fort Worth,TX,76115,1-(682)408-1541
Kikelia,Counihan,223 La Follette Way,Miami,FL,33147,1-(786)150-8624
Jeanine,Marcu,72128 Gale Street,Washington,DC,20210,1-(202)971-5701
Marsha,Bounds,47 Mendota Crossing,Buffalo,NY,14205,1-(716)519-1534
Windy,Warman,261 Center Drive,Naples,FL,33961,1-(305)773-2807
Ruddy,Lindeberg,22 Green Lane,Houston,TX,77005,1-(713)161-6805
Egon,Madgwick,616 Sundown Alley,Kissimmee,FL,34745,1-(407)905-9307
Tyrus,Liddall,55 Moland Place,Mountain View,CA,94042,1-(650)241-1180
Brice,Czadla,94 Rieder Street,Houston,TX,77050,1-(281)449-1079
Brittney,Steffan,19 Eagan Terrace,Las Vegas,NV,89115,1-(702)583-3125
Tiffanie,Hobble,41485 Arrowood Way,Monroe,LA,71213,1-(318)897-2424
Ben,Hunter,1147 Carey Point,Brooklyn,NY,11231,1-(212)438-1561
Corie,D'Angeli,04 Anzinger Way,Austin,TX,78732,1-(512)293-9680
Niels,Molder,6330 Kingsford Park,Henderson,NV,89074,1-(702)380-0307
Billi,Warman,231 Macpherson Hill,Hamilton,OH,45020,1-(937)523-9939
Cherianne,Whitechurch,356 Gateway Court,Sacramento,CA,95865,1-(916)897-2391
Darda,Cristea,31106 Charing Cross Trail,Saint Cloud,MN,56398,1-(320)293-7319
Alejandro,Dimic,9 Almo Park,Sandy,UT,84093,1-(801)671-3404
Christabella,Coffey,5854 Blue Bill Park Junction,Spring Hill,FL,34611,1-(352)258-8433
Jaime,Mouncher,467 Schmedeman Parkway,New Orleans,LA,70149,1-(504)143-5893
Almeria,Bonny,599 Scott Place,Alexandria,VA,22313,1-(571)972-2702
Connie,Gauvain,665 Morrow Point,Seattle,WA,98158,1-(360)734-3778
Morena,McRannell,60512 Kinsman Trail,Pasadena,CA,91199,1-(626)135-8672
Mabelle,Crady,2712 Holmberg Park,Detroit,MI,48275,1-(313)307-9727
Ulrika,Fitzroy,9 Melody Terrace,Houston,TX,77040,1-(979)576-4372
Alphard,Belvin,27390 Sherman Street,Athens,GA,30605,1-(706)477-0581
Ximenez,Ramsey,348 Merchant Trail,Charlotte,NC,28284,1-(704)583-7989
Roch,Janak,320 Warrior Hill,Louisville,KY,40205,1-(502)974-2875
Salvidor,Hyder,308 Sutteridge Avenue,Madison,WI,53790,1-(608)952-8458
Sheppard,Bisgrove,3 Prairieview Road,Huntington,WV,25711,1-(304)515-9798
Garrett,Gillanders,20635 Menomonie Way,Spring,TX,77388,1-(409)728-3140
Claudette,Haldenby,9499 Veith Terrace,Wilkes Barre,PA,18706,1-(570)908-8768
Allianora,Neathway,5085 Northview Crossing,Columbus,GA,31998,1-(706)245-6384
Gram,Lacroutz,3816 Corscot Parkway,San Francisco,CA,94121,1-(415)333-2557
Kay,Fell,9 Lakewood Point,Utica,NY,13505,1-(315)453-2721
Maxwell,Fowlston,26714 Golf Course Way,Baton Rouge,LA,70894,1-(225)872-8312
Rebeka,Wandrey,4481 Fisk Pass,Washington,DC,20029,1-(202)194-4454
Grady,Crangle,683 Dryden Park,Arlington,VA,22217,1-(571)349-3318
Rebecca,McCaster,100 Mcbride Terrace,Little Rock,AR,72222,1-(501)651-4499
Alford,Colin,69 Dayton Court,Waterloo,IA,50706,1-(319)543-8437
Adelice,Rubinshtein,05737 Fairview Road,Winston Salem,NC,27157,1-(336)179-6528
Hugo,Reaveley,77610 Bartelt Road,Seattle,WA,98109,1-(425)106-7059
Lavina,Colleford,8696 Anderson Plaza,Tampa,FL,33680,1-(813)962-8170
Aggy,Knocker,59835 Corry Court,Beaufort,SC,29905,1-(843)714-5758
Ody,Silverston,52 Vidon Avenue,Pensacola,FL,32575,1-(850)213-6560
Joana,Keppy,9 Bay Avenue,Berkeley,CA,94705,1-(510)999-0429
Felicdad,Roberson,4 Lien Pass,El Paso,TX,79934,1-(915)112-9682
Aldridge,Breznovic,970 Sutherland Crossing,Ventura,CA,93005,1-(805)252-8903
Malcolm,L'Episcopi,2 Aberg Court,Washington,DC,20088,1-(202)252-7836
Randie,Stoacley,13 Erie Lane,Dallas,TX,75277,1-(214)214-5070
Eve,Houndson,0082 Saint Paul Trail,Salt Lake City,UT,84170,1-(801)553-5487
Irma,Gaiger,757 Eagle Crest Junction,Birmingham,AL,35244,1-(205)887-2432
Madlen,Trowsdall,796 Continental Circle,Jamaica,NY,11499,1-(212)714-4313
Eugenie,Denison,13 Mandrake Hill,New York City,NY,10009,1-(646)390-6878
Whittaker,Closs,806 Prentice Pass,Rochester,NY,14609,1-(585)834-4806
Gratia,Stockill,3 Evergreen Center,Vancouver,WA,98664,1-(360)565-5742
Miranda,Saunper,58082 Lotheville Street,Atlanta,GA,30358,1-(404)174-5007
Marti,Hanning,676 Haas Crossing,Bakersfield,CA,93381,1-(661)908-0406
Gorden,Ledgerton,81 Lakeland Road,Boston,MA,02203,1-(617)940-5128
Ami,Matthensen,7 Weeping Birch Lane,Erie,PA,16505,1-(814)851-2699
Enrico,Addionizio,71390 Mockingbird Trail,Saint Paul,MN,55115,1-(651)592-8889
Nariko,Lattimer,217 Lotheville Court,Roanoke,VA,24029,1-(540)902-8776
Martguerita,Thrush,2 Elka Junction,Milwaukee,WI,53285,1-(414)449-1486
Sydney,Fullegar,12930 Eliot Place,Gulfport,MS,39505,1-(228)240-4576
Napoleon,Crispe,18 Butterfield Center,Shawnee Mission,KS,66205,1-(913)518-9023
Kimmie,Yanyushkin,546 Clemons Junction,Salt Lake City,UT,84110,1-(801)514-5129
Fannie,Balas,111 Messerschmidt Lane,Austin,TX,78778,1-(512)617-2197
Vikky,Chesser,93243 Graceland Terrace,Miami,FL,33134,1-(305)896-5729
Markos,Clynter,5 Ridgeway Center,Lafayette,IN,47905,1-(765)840-5766
Ignazio,Garvan,9 Hermina Drive,Fresno,CA,93704,1-(559)461-5388
Elwood,Kopfen,2 Jenna Pass,Washington,DC,20073,1-(202)468-9506
Jobina,Laughton,8153 Linden Lane,Suffolk,VA,23436,1-(757)870-2372
Ade,Girhard,165 Sugar Park,Glendale,AZ,85311,1-(602)628-0809
Estrellita,Tooth,24702 Birchwood Alley,Phoenix,AZ,85035,1-(623)746-7227
Moise,Dresche,15839 Jana Hill,Shawnee Mission,KS,66276,1-(913)970-1473
Pen,Di Biasio,6585 Golf Point,Raleigh,NC,27658,1-(919)230-2383
Aurelie,Inns,6 5th Park,Washington,DC,20575,1-(202)848-6845
Alyssa,Wicher,4983 Sundown Court,Saint Louis,MO,63167,1-(314)431-9839
Base,Bracknall,775 Corscot Trail,Roanoke,VA,24020,1-(540)871-9940
Steward,Lewtey,998 Shasta Lane,Pueblo,CO,81015,1-(719)332-1877
Orel,Waulker,76909 Bultman Place,San Francisco,CA,94169,1-(415)538-1609
Jean,Kirdsch,70 Sauthoff Drive,Norwalk,CT,06854,1-(203)419-0702
Everard,Sutherns,93 American Ash Junction,Philadelphia,PA,19125,1-(215)807-5136
Rudolph,Le Pruvost,0779 Nelson Lane,New York City,NY,10249,1-(212)575-5203
Wally,Kruschev,3546 Emmet Park,Cincinnati,OH,45264,1-(513)219-9849
Linnell,Filshin,0076 Coleman Plaza,Minneapolis,MN,55428,1-(763)106-4189
Chadd,Crosland,49 Northport Center,Lansing,MI,48930,1-(517)771-1088
Erik,Rehm,77558 Anhalt Plaza,Aurora,IL,60505,1-(630)642-1830
Jodi,Blowin,4 Crescent Oaks Junction,Rockville,MD,20851,1-(301)233-3227
Derril,Semarke,1438 Shasta Terrace,Houston,TX,77271,1-(713)875-9851
Cherrita,Redman,0388 Crowley Street,Boston,MA,02163,1-(617)663-8255
Graehme,Kinnane,6 Mcbride Point,Sacramento,CA,95894,1-(916)591-6081
Silvanus,McGlue,23 Hintze Center,Athens,GA,30610,1-(706)785-4348
Lonnie,Hunnaball,1 High Crossing Alley,Richmond,VA,23213,1-(804)801-0516
Myrlene,Woloschinski,20 Esch Parkway,Jackson,MS,39204,1-(601)311-3399
Priscella,Drury,5217 Briar Crest Park,Boca Raton,FL,33432,1-(954)455-5807
Lucille,Deetch,232 Sherman Junction,Columbus,GA,31914,1-(706)369-5537
Alica,Macias,51889 Emmet Way,Houston,TX,77293,1-(281)214-8402
Abbe,Sidlow,57 Melvin Lane,Little Rock,AR,72204,1-(501)603-1318
Cherilynn,Novis,3615 Charing Cross Terrace,Salt Lake City,UT,84120,1-(801)301-3759
Raimundo,Dobrovolski,4672 Schiller Alley,Baton Rouge,LA,70836,1-(225)245-7341
Hildegaard,Yeliashev,57028 Basil Way,San Jose,CA,95138,1-(408)993-0260
Kurtis,Sindell,34 Canary Court,Albuquerque,NM,87201,1-(505)139-2712
Archer,Condie,73 Fisk Place,Mobile,AL,36628,1-(251)854-3821
Becky,Bossons,48 Monument Court,Philadelphia,PA,19146,1-(267)576-8312
Joaquin,Gisby,2284 Forest Dale Parkway,Fairfield,CT,06825,1-(203)365-1484
Wenda,Woodburn,4 Valley Edge Pass,Raleigh,NC,27626,1-(919)117-7224
Maggie,Girardin,07 Chinook Place,Baltimore,MD,21290,1-(410)544-3913
Paulina,Bellanger,98 Bay Hill,San Diego,CA,92186,1-(619)304-8615
Alexis,Whybray,15266 Weeping Birch Street,Columbus,GA,31998,1-(706)828-3135
Garnette,Neary,4 Lawn Way,Philadelphia,PA,19141,1-(215)327-1902
Arney,Wellman,44 Amoth Street,San Jose,CA,95160,1-(408)568-2020
Gertruda,Stonhouse,9 Transport Crossing,Dallas,TX,75205,1-(972)119-5602
Rahal,Chevers,89 Corscot Road,Newark,NJ,07188,1-(862)944-6665
Hali,Fauguel,254 Ludington Center,Austin,TX,78778,1-(512)771-8652
Deanne,Pitt,4 Spohn Way,Carlsbad,CA,92013,1-(760)471-5059
Quintin,Andriuzzi,97 Kensington Circle,Norcross,GA,30092,1-(770)667-8453
Bobina,Vedeniktov,7 Hollow Ridge Terrace,Tampa,FL,33615,1-(813)100-4768
Gav,Degue,476 Sycamore Road,Tacoma,WA,98442,1-(253)413-2912
Baird,D'Almeida,438 Talmadge Junction,Birmingham,AL,35290,1-(205)707-0124
Olenka,Fouracre,3893 Mccormick Drive,Aurora,CO,80015,1-(720)728-8181
Vince,Weinmann,1 Helena Alley,Jacksonville,FL,32225,1-(904)791-8226
Alley,Alejandro,124 Ridgeway Hill,Hollywood,FL,33028,1-(305)437-5593
Annabal,Clemendot,3 Vera Center,Herndon,VA,22070,1-(757)598-9778
Heidie,Bizzey,2 Waubesa Plaza,Vero Beach,FL,32969,1-(772)386-1324
Olivero,Crampin,7092 Oxford Center,Charlotte,NC,28205,1-(704)391-0818
Annadiana,Behagg,18404 Vahlen Hill,Cincinnati,OH,45271,1-(513)186-1986
Rory,Whenman,9330 Blaine Hill,Van Nuys,CA,91411,1-(661)982-9658
Dennie,Harbin,8896 Warbler Street,Madison,WI,53785,1-(608)275-5604
Wynny,Rawles,238 La Follette Way,Huntington,WV,25721,1-(304)550-7607
Albertina,Seeborne,17933 Sachtjen Pass,San Luis Obispo,CA,93407,1-(805)354-0227
Tatiana,Greenshiels,0 Melvin Street,Evansville,IN,47737,1-(812)454-7827
Marrissa,"Bayston,",67 Mendota Parkway,Helena,MT,59623,1-(406)897-6335
Edlin,Oldall,5274 Grover Street,Detroit,MI,48224,1-(586)494-5464
Amos,Bellamy,7 Northridge Point,Evansville,IN,47705,1-(812)520-3394
Jarvis,Epton,13 Browning Place,Billings,MT,59112,1-(406)239-6129
Tedda,Gerold,201 Burning Wood Way,Erie,PA,16550,1-(814)349-8168
Hanni,Orknay,70 Mesta Way,Birmingham,AL,35215,1-(205)321-0554
Rozele,Brobak,9 Arrowood Lane,Flushing,NY,11355,1-(917)686-5893
Ursa,Shinefield,4083 Bonner Road,Norfolk,VA,23551,1-(757)223-5731
Paulie,Reilly,47 Cordelia Crossing,Atlanta,GA,31136,1-(404)605-8431
Jonas,Layhe,574 Bay Junction,Anaheim,CA,92825,1-(714)455-2067
Herb,Badrock,3782 Briar Crest Center,Saint Petersburg,FL,33737,1-(727)102-4870
Wileen,Isitt,2 Sullivan Center,Cleveland,OH,44177,1-(440)441-8820
Kermy,Islip,40468 Pearson Hill,Oakland,CA,94605,1-(510)957-4194
Kristofor,Foyston,2106 Meadow Ridge Center,Charleston,WV,25331,1-(304)282-9326
Davida,Sieghart,22 Debra Alley,Memphis,TN,38161,1-(901)917-3415
Reynold,Dallander,388 Reinke Street,Miami,FL,33164,1-(786)526-9187
Jen,Lancastle,15 Lillian Terrace,Houston,TX,77060,1-(832)473-1813
Amory,Kernaghan,5112 Bobwhite Drive,Englewood,CO,80150,1-(303)851-9168
Chickie,Bavister,116 Garrison Court,Peoria,IL,61629,1-(309)539-7241
Donella,Mutlow,1672 American Court,Omaha,NE,68117,1-(402)136-9187
Maitilde,Pollack,384 Ilene Point,Lakewood,WA,98498,1-(253)580-3195
Lorenza,Crosland,956 Rigney Street,Las Vegas,NV,89120,1-(702)384-8891
Luther,Casillas,21 Hallows Crossing,Brooklyn,NY,11215,1-(646)188-0555
Amberly,Guillerman,72832 Meadow Valley Trail,Pueblo,CO,81010,1-(719)292-3675
Lynnell,Wordsworth,518 Coolidge Crossing,Atlanta,GA,30343,1-(404)811-8054
Hart,Houldey,83 Dryden Street,Pocatello,ID,83206,1-(208)797-5948
Homerus,Colloff,15 Oakridge Trail,Miami,FL,33245,1-(786)686-3172
Jarrad,McKevin,2 Warrior Park,San Francisco,CA,94116,1-(415)123-6965
Abby,Addenbrooke,81474 Blaine Avenue,Albuquerque,NM,87201,1-(505)302-5601
Legra,Pettengell,2499 Loeprich Point,Sacramento,CA,95823,1-(510)347-3751
Ximenez,Berthomieu,5824 Drewry Parkway,Monticello,MN,55590,1-(763)947-5653
Katerina,Goaley,0 Prairie Rose Way,Boca Raton,FL,33487,1-(305)929-9767
Paulie,Franssen,67023 Roth Street,Newton,MA,02458,1-(857)281-9052
Salomo,Cramer,19614 Springview Pass,Las Vegas,NV,89150,1-(702)982-9174
Jannel,Meads,9 Atwood Drive,Charleston,WV,25356,1-(304)151-2621
Isabel,Hunnawill,260 Annamark Hill,Mesa,AZ,85210,1-(602)760-1837
Minetta,Liddicoat,8 Bellgrove Road,Birmingham,AL,35210,1-(334)352-6097
Minnnie,O'Sculley,2 Fallview Trail,Syracuse,NY,13251,1-(315)503-9254
Irene,Bowfin,05 Jenifer Hill,Tulsa,OK,74103,1-(918)237-0512
Benedetta,Milmoe,0519 Northfield Pass,Indianapolis,IN,46202,1-(765)763-0339
Ketti,Kordt,744 2nd Street,Waterbury,CT,06705,1-(203)997-0356
Jacobo,Beelby,048 Shopko Drive,Erie,PA,16522,1-(814)234-3526
Marrilee,Gabotti,81 Clove Park,Houston,TX,77206,1-(713)987-6210
Jonathan,Blakeway,15 Swallow Drive,Brooklyn,NY,11231,1-(212)870-5451
Joshua,Howett,806 Pennsylvania Court,Portland,OR,97229,1-(503)695-6876
Harrie,Rogger,02114 Milwaukee Road,Los Angeles,CA,90081,1-(213)992-5826
Dannie,O'Hogertie,493 Monument Point,Reading,PA,19605,1-(484)121-4107
Philly,Curzey,2 Onsgard Street,Santa Barbara,CA,93150,1-(805)965-8383
Thornie,O'Farrell,94 Golden Leaf Alley,Detroit,MI,48258,1-(313)831-8437
Viv,Hasling,1879 Burning Wood Road,San Diego,CA,92191,1-(619)344-6138
Christiana,Evennett,3 Kim Alley,Jefferson City,MO,65110,1-(573)608-9865
Terra,Pretor,4 Kinsman Avenue,Reading,PA,19610,1-(484)629-0924
Meggie,Moulds,55 Fuller Road,Lexington,KY,40576,1-(859)777-3478
Yuri,Elderbrant,4 Corscot Circle,Washington,DC,20337,1-(202)483-3121
Tandi,Triplow,275 Crownhardt Point,Monticello,MN,55590,1-(763)142-4978
Rosella,Dwire,12821 Susan Crossing,Lincoln,NE,68524,1-(402)858-7082
Jackquelin,Stormont,1 Meadow Vale Junction,Tampa,FL,33694,1-(813)103-5319
Britney,Spoor,557 Twin Pines Parkway,Joliet,IL,60435,1-(815)394-5339
Susanetta,Mathiasen,65707 Ridge Oak Plaza,San Diego,CA,92170,1-(619)391-9663
Otes,Lindelof,49692 Hudson Terrace,Sterling,VA,20167,1-(571)958-3100
Gunilla,Brumwell,5365 Sauthoff Street,Richmond,VA,23289,1-(804)554-9125
Lina,Bims,335 Thierer Center,Albany,NY,12247,1-(518)537-5871
Harmonia,Glasspoole,546 Gulseth Pass,Springfield,IL,62723,1-(217)501-5796
Kimball,Harcase,40594 Clemons Lane,New York City,NY,10039,1-(646)849-3252
Carmelia,Southworth,78588 Hagan Parkway,Chicago,IL,60681,1-(312)783-8561
Ferguson,Whellams,9 Texas Plaza,Philadelphia,PA,19120,1-(267)460-1884
Linda,Manntschke,031 Tennessee Junction,Raleigh,NC,27621,1-(919)385-9924
